Date,Household_ID,Family_Members,Cooking_Hours,Burners,Cylinder_Capacity,Initial_Gas_Level,Temperature,Weekend_Usage,Previous_Consumption,Refill_Days,Current_Consumption
2025-01-01,H1000,7,5.8,3,47.5,45.3,36,No,19.9,33,21.88
2025-01-02,H1001,3,6.2,4,14.2,13.8,26,No,5.5,16,18.09
2025-01-03,H1002,6,2.3,4,14.2,11.2,24,No,12.6,36,14.4
2025-01-04,H1003,1,2.7,3,47.5,46.3,39,Yes,12.3,30,9.04
2025-01-05,H1004,6,5.7,3,19.0,17.9,27,Yes,19.8,17,23.55
2025-01-06,H1005,7,2.0,3,14.2,14.2,32,No,29.1,32,19.16
2025-01-07,H1006,2,1.6,4,14.2,13.5,35,No,8.1,22,7.76
2025-01-08,H1007,6,3.3,2,14.2,12.2,25,No,15.6,36,17.06
2025-01-09,H1008,6,1.2,2,47.5,45.2,25,No,14.9,18,13.97
2025-01-10,H1009,7,1.5,3,14.2,12.6,37,No,13.1,30,16.66
2025-01-11,H1010,7,6.0,2,47.5,44.6,35,Yes,18.6,23,21.91
2025-01-12,H1011,5,1.4,3,47.5,46.2,24,Yes,10.0,38,10.56
2025-01-13,H1012,3,5.2,3,47.5,45.1,34,No,6.9,21,15.78
2025-01-14,H1013,4,6.2,4,14.2,12.9,24,No,6.6,37,19.3
2025-01-15,H1014,5,5.4,4,47.5,46.7,26,No,16.8,19,22.55
2025-01-16,H1015,3,5.6,2,19.0,18.3,37,No,17.3,23,17.9
2025-01-17,H1016,2,1.2,1,14.2,13.6,39,No,20.9,34,9.43
2025-01-18,H1017,4,6.4,3,14.2,12.4,38,Yes,23.9,18,23.35
2025-01-19,H1018,7,2.7,2,14.2,11.6,33,Yes,25.2,39,17.51
2025-01-20,H1019,4,5.8,4,14.2,13.0,37,No,18.5,37,21.98
2025-01-21,H1020,7,6.4,1,14.2,13.5,37,No,5.0,27,21.24
2025-01-22,H1021,7,2.0,3,47.5,46.2,28,No,22.3,24,17.61
2025-01-23,H1022,7,2.0,4,47.5,45.9,32,No,15.1,31,16.64
2025-01-24,H1023,4,2.5,2,14.2,12.1,28,No,12.1,31,11.64
2025-01-25,H1024,2,4.0,2,47.5,47.4,39,Yes,27.7,33,16.26
2025-01-26,H1025,5,3.9,4,14.2,12.5,30,Yes,21.8,25,18.89
2025-01-27,H1026,1,5.4,4,47.5,46.1,25,No,20.8,25,17.93
2025-01-28,H1027,1,1.9,3,47.5,46.9,36,No,26.5,18,9.82
2025-01-29,H1028,3,5.9,4,47.5,45.6,27,No,28.5,22,20.9
2025-01-30,H1029,2,6.0,3,47.5,46.5,32,No,10.2,24,14.87
2025-01-31,H1030,4,2.0,4,19.0,17.3,35,No,11.5,15,11.67
2025-02-01,H1031,4,4.3,4,14.2,12.3,32,Yes,12.0,33,17.75
2025-02-02,H1032,3,6.1,2,19.0,16.7,31,Yes,26.3,31,18.26
2025-02-03,H1033,6,5.0,2,47.5,47.5,37,No,28.5,39,20.02
2025-02-04,H1034,6,4.3,2,19.0,17.7,36,No,10.6,15,15.44
2025-02-05,H1035,6,3.0,4,14.2,13.1,31,No,26.2,31,19.37
2025-02-06,H1036,4,4.1,2,14.2,13.4,37,No,19.7,20,16.06
2025-02-07,H1037,6,6.4,3,47.5,45.1,37,No,21.1,29,23.39
2025-02-08,H1038,5,2.4,4,19.0,18.2,26,Yes,24.2,31,19.62
2025-02-09,H1039,6,6.7,1,19.0,16.3,35,Yes,5.4,38,18.45
2025-02-10,H1040,6,6.8,3,19.0,16.1,27,No,12.4,35,21.04
2025-02-11,H1041,1,2.9,4,14.2,13.1,33,No,28.4,17,14.71
2025-02-12,H1042,2,4.7,2,14.2,13.1,38,No,18.0,16,13.94
2025-02-13,H1043,1,1.8,2,19.0,17.9,36,No,12.4,17,7.0
2025-02-14,H1044,5,1.5,3,14.2,12.7,36,No,9.9,22,13.44
2025-02-15,H1045,6,6.3,3,14.2,14.1,25,Yes,7.3,37,21.2
2025-02-16,H1046,3,3.8,3,19.0,16.1,29,Yes,19.8,36,14.66
2025-02-17,H1047,2,5.9,2,14.2,12.6,28,No,18.1,35,15.56
2025-02-18,H1048,4,4.7,4,19.0,16.5,39,No,18.3,29,19.51
2025-02-19,H1049,4,1.8,2,19.0,17.5,37,No,6.0,38,9.38
2025-02-20,H1050,4,5.5,2,47.5,47.4,28,No,7.0,23,16.8
2025-02-21,H1051,1,2.0,1,19.0,17.7,39,No,18.7,30,7.47
2025-02-22,H1052,5,2.7,4,14.2,12.6,39,Yes,18.9,36,17.95
2025-02-23,H1053,3,2.5,4,47.5,47.0,29,Yes,5.4,28,10.0
2025-02-24,H1054,7,1.2,2,19.0,16.1,28,No,16.9,30,16.41
2025-02-25,H1055,4,2.0,2,47.5,45.6,33,No,20.4,19,15.03
2025-02-26,H1056,4,3.2,2,14.2,11.4,39,No,26.4,19,17.22
2025-02-27,H1057,7,6.7,4,19.0,17.2,34,No,25.0,26,26.2
2025-02-28,H1058,4,1.8,1,14.2,12.6,28,No,20.6,15,14.26
2025-03-01,H1059,2,2.2,1,47.5,47.3,38,Yes,14.4,33,9.85
2025-03-02,H1060,7,1.4,4,19.0,17.8,33,Yes,5.6,16,13.86
2025-03-03,H1061,7,1.7,1,47.5,46.5,34,No,26.9,18,16.8
2025-03-04,H1062,5,2.7,2,47.5,46.2,31,No,25.2,31,17.62
2025-03-05,H1063,4,3.2,3,19.0,17.3,30,No,28.3,19,16.61
2025-03-06,H1064,7,5.5,1,47.5,46.8,37,No,27.6,34,24.28
2025-03-07,H1065,6,2.8,3,14.2,13.0,35,No,29.0,33,17.97
2025-03-08,H1066,7,6.7,3,47.5,44.6,26,Yes,17.3,30,24.1
2025-03-09,H1067,3,4.6,4,14.2,12.2,27,Yes,28.7,30,20.6
2025-03-10,H1068,5,6.6,2,14.2,14.0,38,No,6.4,17,20.33
2025-03-11,H1069,3,5.2,3,47.5,47.1,33,No,25.9,31,17.38
2025-03-12,H1070,7,3.6,4,14.2,14.0,25,No,27.3,16,20.79
2025-03-13,H1071,5,2.4,4,19.0,17.9,24,No,27.0,31,19.99
2025-03-14,H1072,1,4.6,4,14.2,13.1,38,No,17.0,26,14.93
2025-03-15,H1073,3,2.5,3,14.2,13.9,26,Yes,11.3,32,11.88
2025-03-16,H1074,2,5.4,4,14.2,13.8,32,Yes,23.6,17,18.75
2025-03-17,H1075,6,3.4,4,19.0,18.1,31,No,18.2,35,20.99
2025-03-18,H1076,4,6.9,1,19.0,18.9,28,No,6.1,35,19.14
2025-03-19,H1077,5,2.5,3,19.0,16.1,25,No,9.2,31,14.77
2025-03-20,H1078,7,7.0,2,47.5,45.7,39,No,23.4,25,24.3
2025-03-21,H1079,6,3.7,4,19.0,18.0,33,No,9.7,22,17.3
2025-03-22,H1080,2,2.6,1,14.2,11.3,39,Yes,16.3,31,9.48
2025-03-23,H1081,5,5.9,4,19.0,18.2,36,Yes,27.8,20,25.41
2025-03-24,H1082,5,4.7,2,19.0,18.8,37,No,26.7,27,18.65
2025-03-25,H1083,1,5.7,2,14.2,11.2,24,No,14.4,39,16.11
2025-03-26,H1084,3,4.4,1,47.5,46.1,26,No,8.3,35,10.89
2025-03-27,H1085,6,5.2,1,19.0,16.0,29,No,27.8,37,22.44
2025-03-28,H1086,5,5.5,3,47.5,46.8,37,No,10.1,15,20.49
2025-03-29,H1087,5,2.2,1,47.5,45.5,39,Yes,6.2,22,9.43
2025-03-30,H1088,2,4.1,2,47.5,45.0,25,Yes,26.3,36,17.28
2025-03-31,H1089,6,6.3,1,14.2,12.4,38,No,5.7,29,19.73
2025-04-01,H1090,6,5.2,3,47.5,44.8,39,No,5.4,20,18.91
2025-04-02,H1091,2,3.4,3,47.5,47.2,25,No,13.7,20,12.44
2025-04-03,H1092,7,3.4,3,14.2,12.6,24,No,28.7,18,21.48
2025-04-04,H1093,1,4.0,4,47.5,47.3,28,No,29.5,35,15.69
2025-04-05,H1094,6,4.8,4,47.5,46.5,38,Yes,8.2,37,19.58
2025-04-06,H1095,3,1.8,4,14.2,13.7,27,Yes,13.6,17,13.72
2025-04-07,H1096,3,5.0,2,14.2,12.4,26,No,6.0,19,13.28
2025-04-08,H1097,2,2.1,1,19.0,17.4,28,No,16.5,28,9.11
2025-04-09,H1098,6,3.0,3,19.0,18.9,32,No,17.0,36,15.83
2025-04-10,H1099,6,1.9,4,19.0,18.8,33,No,26.7,22,19.58
2025-04-11,H1100,5,6.9,3,47.5,46.4,29,No,10.9,37,21.06
2025-04-12,H1101,2,5.5,2,47.5,47.1,26,Yes,22.8,29,18.19
2025-04-13,H1102,3,4.2,1,47.5,44.9,29,Yes,18.3,29,12.78
2025-04-14,H1103,7,3.3,2,14.2,12.5,24,No,10.3,26,15.94
2025-04-15,H1104,5,4.6,4,47.5,46.4,32,No,17.5,29,19.94
2025-04-16,H1105,6,4.5,4,19.0,17.2,35,No,8.2,23,18.14
2025-04-17,H1106,4,4.9,2,14.2,13.5,34,No,29.7,19,21.42
2025-04-18,H1107,5,1.6,2,14.2,13.1,39,No,9.0,25,10.15
2025-04-19,H1108,6,2.0,3,14.2,11.7,26,Yes,18.1,22,17.01
2025-04-20,H1109,7,6.4,4,19.0,16.1,27,Yes,5.1,36,21.25
2025-04-21,H1110,6,5.0,1,19.0,16.8,34,No,19.3,33,20.71
2025-04-22,H1111,5,2.1,2,19.0,16.9,27,No,17.7,31,14.41
2025-04-23,H1112,1,4.7,4,14.2,13.9,37,No,8.9,18,12.51
2025-04-24,H1113,3,1.3,2,14.2,12.8,28,No,6.6,26,7.28
2025-04-25,H1114,2,1.5,3,47.5,45.5,24,No,7.9,29,8.52
2025-04-26,H1115,7,5.8,3,47.5,44.7,37,Yes,23.6,32,22.72
2025-04-27,H1116,3,6.6,4,19.0,17.9,24,Yes,23.5,36,19.59
2025-04-28,H1117,5,1.8,1,14.2,11.9,35,No,9.1,35,10.07
2025-04-29,H1118,3,5.0,2,47.5,44.8,32,No,26.9,39,18.81
2025-04-30,H1119,7,5.3,4,19.0,17.6,29,No,18.5,29,23.56
2025-05-01,H1120,1,6.4,3,19.0,17.4,28,No,27.7,33,18.91
2025-05-02,H1121,6,6.6,3,47.5,45.3,33,No,8.5,29,22.71
2025-05-03,H1122,1,4.2,3,19.0,17.3,36,Yes,8.8,15,12.49
2025-05-04,H1123,3,5.5,2,14.2,13.6,25,Yes,24.1,24,17.64
2025-05-05,H1124,6,4.2,3,19.0,16.5,31,No,20.1,29,21.11
2025-05-06,H1125,5,3.9,4,14.2,12.0,25,No,5.3,33,16.89
2025-05-07,H1126,4,5.3,3,14.2,13.2,34,No,29.0,22,21.28
2025-05-08,H1127,7,3.8,2,47.5,45.7,33,No,19.7,32,20.09
2025-05-09,H1128,7,5.4,3,47.5,44.7,27,No,28.0,19,26.19
2025-05-10,H1129,7,1.9,4,47.5,46.4,32,Yes,15.6,28,19.31
2025-05-11,H1130,6,6.5,1,19.0,18.7,28,Yes,9.1,18,18.07
2025-05-12,H1131,1,3.0,2,47.5,45.9,31,No,20.2,29,9.56
2025-05-13,H1132,1,2.2,1,47.5,47.5,32,No,7.9,34,7.03
2025-05-14,H1133,3,6.5,3,19.0,18.0,25,No,28.0,25,19.48
2025-05-15,H1134,3,1.8,4,47.5,45.8,27,No,15.5,38,11.85
2025-05-16,H1135,5,4.5,2,19.0,18.3,25,No,21.6,21,20.57
2025-05-17,H1136,1,1.9,2,19.0,16.4,38,Yes,29.9,31,10.83
2025-05-18,H1137,5,3.4,3,14.2,13.6,26,Yes,13.7,31,14.39
2025-05-19,H1138,6,6.0,3,14.2,14.0,37,No,22.9,32,23.28
2025-05-20,H1139,4,3.9,2,47.5,45.8,38,No,7.6,22,15.22
2025-05-21,H1140,7,5.5,2,19.0,18.2,37,No,18.2,15,19.99
2025-05-22,H1141,4,6.0,3,14.2,12.2,24,No,18.8,17,18.88
2025-05-23,H1142,3,4.0,4,14.2,13.9,38,No,19.2,33,17.25
2025-05-24,H1143,7,5.3,3,14.2,13.5,37,Yes,20.1,28,24.09
2025-05-25,H1144,4,6.7,2,14.2,13.6,38,Yes,13.1,32,17.12
2025-05-26,H1145,7,5.4,1,47.5,47.4,36,No,26.9,32,24.25
2025-05-27,H1146,7,4.7,3,14.2,13.4,25,No,14.1,37,19.74
2025-05-28,H1147,5,3.1,4,47.5,45.8,25,No,26.5,17,20.94
2025-05-29,H1148,6,5.7,1,19.0,16.4,31,No,29.6,37,23.67
2025-05-30,H1149,1,3.9,1,47.5,46.7,31,No,22.5,39,11.38
2025-05-31,H1150,6,4.9,2,14.2,11.2,33,Yes,27.5,16,20.74
2025-06-01,H1151,3,5.9,4,19.0,18.6,27,Yes,17.5,16,19.37
2025-06-02,H1152,1,4.0,4,19.0,18.4,33,No,8.5,39,11.17
2025-06-03,H1153,3,4.6,4,47.5,45.6,28,No,9.4,27,16.93
2025-06-04,H1154,5,3.3,2,19.0,17.7,25,No,9.2,25,13.13
2025-06-05,H1155,5,4.6,2,47.5,47.3,34,No,12.2,18,17.82
2025-06-06,H1156,7,4.7,2,19.0,17.6,38,No,28.9,36,23.76
2025-06-07,H1157,1,2.6,3,47.5,46.7,26,Yes,26.0,31,12.69
2025-06-08,H1158,5,1.9,1,14.2,11.9,28,Yes,13.6,22,13.28
2025-06-09,H1159,1,5.2,4,47.5,46.2,30,No,6.9,32,14.78
2025-06-10,H1160,4,6.8,2,47.5,45.7,26,No,12.9,31,17.73
2025-06-11,H1161,2,5.1,1,14.2,13.6,37,No,29.0,33,17.58
2025-06-12,H1162,5,5.6,1,47.5,45.4,29,No,29.5,32,21.06
2025-06-13,H1163,7,5.2,1,47.5,44.7,38,No,6.1,30,19.92
2025-06-14,H1164,7,4.3,2,19.0,16.3,37,Yes,8.0,21,17.24
2025-06-15,H1165,2,3.5,1,47.5,46.1,37,Yes,6.4,17,9.01
2025-06-16,H1166,2,4.9,2,19.0,17.2,26,No,19.0,27,13.46
2025-06-17,H1167,5,4.2,2,14.2,12.0,35,No,19.3,38,17.92
2025-06-18,H1168,5,5.0,1,19.0,17.1,39,No,15.7,26,16.37
2025-06-19,H1169,7,3.8,2,19.0,18.9,30,No,9.6,32,19.38
2025-06-20,H1170,3,1.4,2,14.2,13.1,37,No,7.2,35,8.66
2025-06-21,H1171,4,6.9,2,19.0,18.7,38,Yes,15.5,19,20.78
2025-06-22,H1172,1,1.7,2,14.2,13.3,25,Yes,12.4,19,6.0
2025-06-23,H1173,1,6.5,3,47.5,46.2,24,No,14.8,18,15.18
2025-06-24,H1174,2,5.8,1,47.5,47.2,29,No,29.6,28,18.22
2025-06-25,H1175,6,4.7,1,19.0,16.8,27,No,10.8,34,18.56
2025-06-26,H1176,6,4.6,1,47.5,47.1,34,No,9.4,23,15.53
2025-06-27,H1177,3,6.0,1,14.2,14.0,38,No,10.4,23,17.19
2025-06-28,H1178,2,4.2,3,47.5,46.3,25,Yes,17.3,31,13.18
2025-06-29,H1179,3,2.3,4,14.2,12.0,32,Yes,19.8,28,15.65
2025-06-30,H1180,3,6.3,3,47.5,46.7,36,No,27.2,39,22.3
2025-07-01,H1181,2,5.9,4,19.0,16.2,34,No,7.2,38,14.9
2025-07-02,H1182,6,2.6,1,47.5,47.4,25,No,7.0,30,14.03
2025-07-03,H1183,5,6.9,2,47.5,46.0,39,No,17.9,33,22.83
2025-07-04,H1184,2,4.3,1,47.5,46.7,29,No,18.0,30,13.88
2025-07-05,H1185,1,1.9,4,14.2,12.1,34,Yes,11.0,35,10.17
2025-07-06,H1186,7,5.2,4,14.2,13.7,34,Yes,29.0,39,23.32
2025-07-07,H1187,7,1.0,4,19.0,18.0,37,No,27.7,32,19.91
2025-07-08,H1188,6,5.5,4,14.2,14.2,39,No,7.1,31,20.31
2025-07-09,H1189,7,3.3,4,47.5,45.9,26,No,8.2,33,19.23
2025-07-10,H1190,2,3.6,2,47.5,46.5,35,No,9.5,19,9.71
2025-07-11,H1191,4,2.0,4,14.2,14.0,34,No,9.2,26,11.11
2025-07-12,H1192,2,3.8,2,47.5,45.6,34,Yes,26.3,28,16.85
2025-07-13,H1193,5,3.7,3,19.0,18.6,36,Yes,14.6,25,18.16
2025-07-14,H1194,7,3.9,3,19.0,18.2,30,No,16.1,28,19.74
2025-07-15,H1195,4,3.6,1,14.2,11.6,38,No,24.9,25,14.86
2025-07-16,H1196,2,5.6,4,14.2,12.2,34,No,26.7,26,17.47
2025-07-17,H1197,5,6.7,4,19.0,16.4,27,No,14.9,39,22.0
2025-07-18,H1198,3,3.5,4,19.0,16.8,25,No,10.3,31,14.72
2025-07-19,H1199,4,4.4,4,14.2,12.8,31,Yes,9.0,39,17.87
2025-07-20,H1200,5,1.9,3,14.2,11.7,27,Yes,5.4,26,10.46
2025-07-21,H1201,4,6.8,4,14.2,11.8,32,No,5.0,21,17.7
2025-07-22,H1202,4,2.5,1,47.5,46.9,32,No,9.0,36,11.48
2025-07-23,H1203,5,4.5,4,14.2,13.3,36,No,8.7,35,15.98
2025-07-24,H1204,2,3.9,3,14.2,12.0,34,No,22.4,15,16.94
2025-07-25,H1205,1,1.2,2,47.5,45.3,32,No,11.1,39,7.1
2025-07-26,H1206,7,4.0,2,19.0,18.4,24,Yes,19.0,32,19.11
2025-07-27,H1207,2,4.2,1,14.2,13.1,24,Yes,25.6,36,13.91
2025-07-28,H1208,6,4.4,2,47.5,45.4,38,No,10.0,37,18.08
2025-07-29,H1209,3,1.7,3,14.2,14.1,29,No,20.4,23,13.47
2025-07-30,H1210,2,4.8,4,14.2,13.2,34,No,17.1,25,17.8
2025-07-31,H1211,4,4.6,2,47.5,46.1,26,No,6.0,24,14.25
2025-08-01,H1212,2,1.4,3,19.0,17.0,32,No,26.8,33,14.16
2025-08-02,H1213,4,5.5,1,47.5,45.1,30,Yes,6.1,26,15.29
2025-08-03,H1214,2,4.9,1,14.2,11.2,32,Yes,17.3,24,13.62
2025-08-04,H1215,5,1.4,3,19.0,18.4,30,No,16.6,35,14.73
2025-08-05,H1216,5,6.1,1,47.5,46.5,35,No,24.2,38,20.96
2025-08-06,H1217,3,4.5,4,47.5,47.4,25,No,17.2,16,17.38
2025-08-07,H1218,4,3.5,2,19.0,16.0,33,No,27.8,26,16.75
2025-08-08,H1219,2,4.8,3,14.2,13.5,33,No,22.9,30,16.99
2025-08-09,H1220,2,2.4,2,47.5,46.0,28,Yes,26.4,27,12.63
2025-08-10,H1221,6,6.2,3,47.5,45.7,30,Yes,14.0,16,20.08
2025-08-11,H1222,1,3.3,1,47.5,46.3,26,No,21.4,15,12.32
2025-08-12,H1223,4,6.8,3,14.2,13.5,33,No,6.8,28,18.08
2025-08-13,H1224,5,3.0,2,47.5,47.1,28,No,11.2,25,16.13
2025-08-14,H1225,1,2.0,4,19.0,17.9,34,No,23.4,19,12.21
2025-08-15,H1226,1,6.1,4,19.0,17.7,38,No,26.7,26,19.05
2025-08-16,H1227,4,2.6,2,47.5,47.1,28,Yes,28.4,15,14.47
2025-08-17,H1228,6,2.1,3,47.5,46.6,24,Yes,19.6,26,15.26
2025-08-18,H1229,5,3.9,3,19.0,19.0,25,No,13.1,39,17.19
2025-08-19,H1230,7,4.1,3,19.0,17.0,27,No,8.1,27,17.14
2025-08-20,H1231,2,2.2,3,47.5,47.0,28,No,7.3,22,8.18
2025-08-21,H1232,6,6.2,2,19.0,18.2,24,No,26.0,25,24.03
2025-08-22,H1233,2,2.5,2,14.2,11.6,31,No,24.2,22,13.77
2025-08-23,H1234,4,5.1,3,14.2,11.4,37,Yes,14.8,19,18.12
2025-08-24,H1235,6,4.9,2,14.2,12.4,38,Yes,29.4,23,24.0
2025-08-25,H1236,5,5.7,1,14.2,13.3,34,No,27.0,20,20.06
2025-08-26,H1237,6,3.6,2,19.0,16.7,32,No,12.9,27,18.05
2025-08-27,H1238,6,4.3,1,14.2,13.2,24,No,14.2,21,17.54
2025-08-28,H1239,3,3.3,1,47.5,45.7,39,No,14.3,26,10.27
2025-08-29,H1240,3,4.6,2,47.5,45.6,25,No,16.6,17,15.59
2025-08-30,H1241,2,3.9,1,14.2,11.8,32,Yes,14.5,16,12.06
2025-08-31,H1242,7,4.2,3,47.5,46.3,30,Yes,25.3,32,23.02
2025-09-01,H1243,3,1.1,3,14.2,12.9,39,No,21.2,29,10.86
2025-09-02,H1244,3,3.3,4,14.2,11.4,29,No,9.9,28,13.67
2025-09-03,H1245,5,2.7,3,14.2,11.4,35,No,18.5,30,14.51
2025-09-04,H1246,6,5.3,1,47.5,44.6,33,No,8.0,25,16.04
2025-09-05,H1247,4,2.1,1,47.5,46.9,38,No,7.7,24,9.03
2025-09-06,H1248,4,3.5,2,14.2,11.8,24,Yes,14.3,27,15.04
2025-09-07,H1249,3,1.0,2,14.2,11.7,29,Yes,19.8,23,11.25
2025-09-08,H1250,2,3.2,2,14.2,11.5,39,No,18.9,19,11.79
2025-09-09,H1251,3,6.1,3,14.2,12.2,25,No,24.2,24,19.8
2025-09-10,H1252,2,1.9,1,19.0,16.8,25,No,16.8,35,7.79
2025-09-11,H1253,5,4.9,4,14.2,13.6,34,No,10.8,28,19.24
2025-09-12,H1254,1,4.0,2,47.5,46.7,30,No,22.4,17,13.05
2025-09-13,H1255,5,5.3,1,14.2,14.2,31,Yes,8.2,33,16.8
2025-09-14,H1256,6,4.5,3,19.0,16.7,27,Yes,7.1,15,18.15
2025-09-15,H1257,1,2.9,3,47.5,46.5,30,No,6.7,31,10.62
2025-09-16,H1258,4,5.8,3,19.0,17.1,31,No,27.0,32,22.02
2025-09-17,H1259,4,2.9,3,14.2,13.6,25,No,29.9,16,16.98
2025-09-18,H1260,3,5.4,2,47.5,46.5,29,No,19.1,18,18.97
2025-09-19,H1261,5,5.1,1,14.2,13.7,33,No,7.4,39,17.22
2025-09-20,H1262,4,3.1,4,47.5,44.6,26,Yes,28.2,27,16.77
2025-09-21,H1263,3,1.9,1,47.5,45.3,31,Yes,18.5,39,11.64
2025-09-22,H1264,4,4.7,2,47.5,45.1,39,No,8.2,30,15.12
2025-09-23,H1265,4,5.3,2,19.0,18.6,30,No,11.6,16,16.19
2025-09-24,H1266,2,6.6,1,14.2,12.7,26,No,14.9,37,17.85
2025-09-25,H1267,2,4.1,3,19.0,16.6,38,No,29.8,19,16.47
2025-09-26,H1268,4,6.6,2,19.0,17.4,36,No,14.5,38,19.33
2025-09-27,H1269,6,5.8,4,14.2,13.6,37,Yes,7.0,35,18.59
2025-09-28,H1270,3,5.2,2,14.2,11.3,25,Yes,21.0,39,17.5
2025-09-29,H1271,5,6.2,4,14.2,12.4,24,No,20.2,36,23.86
2025-09-30,H1272,4,4.0,1,47.5,45.0,36,No,14.2,22,14.35
2025-10-01,H1273,4,1.8,4,19.0,18.8,35,No,29.1,27,18.27
2025-10-02,H1274,4,3.6,4,19.0,16.4,39,No,10.4,16,16.08
2025-10-03,H1275,3,3.3,1,19.0,16.7,33,No,10.3,25,12.43
2025-10-04,H1276,7,5.2,1,19.0,17.7,32,Yes,8.6,23,19.85
2025-10-05,H1277,6,1.6,4,19.0,16.9,24,Yes,17.7,21,15.26
2025-10-06,H1278,5,4.7,4,47.5,47.0,27,No,18.2,21,20.79
2025-10-07,H1279,5,6.3,2,14.2,12.2,26,No,14.2,36,21.2
2025-10-08,H1280,5,3.3,1,47.5,47.5,25,No,8.3,35,11.49
2025-10-09,H1281,7,4.5,3,47.5,47.1,30,No,20.5,27,19.7
2025-10-10,H1282,2,4.8,1,47.5,45.1,36,No,6.1,31,10.06
2025-10-11,H1283,4,4.9,1,14.2,11.7,30,Yes,8.7,18,16.15
2025-10-12,H1284,4,4.9,3,14.2,13.1,27,Yes,26.5,24,20.99
2025-10-13,H1285,5,1.8,4,19.0,16.6,32,No,28.6,16,17.37
2025-10-14,H1286,5,2.7,2,47.5,47.4,35,No,24.5,25,16.53
2025-10-15,H1287,3,3.7,1,19.0,17.2,35,No,16.3,27,11.81
2025-10-16,H1288,4,4.1,1,14.2,14.1,31,No,7.1,25,13.81
2025-10-17,H1289,3,1.4,4,14.2,14.1,27,No,23.4,28,15.55
2025-10-18,H1290,4,5.6,3,14.2,11.8,26,Yes,9.4,19,17.68
2025-10-19,H1291,6,5.6,4,14.2,12.9,38,Yes,7.1,31,19.4
2025-10-20,H1292,1,6.9,3,47.5,46.9,24,No,11.4,18,17.33
2025-10-21,H1293,1,6.8,3,19.0,18.9,25,No,13.1,18,15.59
2025-10-22,H1294,2,4.6,1,14.2,11.4,39,No,25.3,16,13.67
2025-10-23,H1295,7,1.7,2,19.0,18.3,32,No,14.4,28,15.19
2025-10-24,H1296,1,2.0,4,14.2,13.5,28,No,21.9,33,13.33
2025-10-25,H1297,5,2.7,4,19.0,18.0,30,Yes,26.2,23,18.67
2025-10-26,H1298,5,5.5,1,19.0,16.1,37,Yes,23.2,21,18.41
2025-10-27,H1299,3,2.9,2,14.2,11.2,29,No,18.5,27,11.91
2025-10-28,H1300,5,5.1,4,14.2,11.7,38,No,17.2,37,21.65
2025-10-29,H1301,5,3.5,1,19.0,17.2,31,No,20.3,36,16.37
2025-10-30,H1302,5,1.6,4,47.5,45.6,39,No,15.8,22,14.61
2025-10-31,H1303,1,5.5,3,14.2,11.2,31,No,9.8,24,14.44
2025-11-01,H1304,1,4.3,4,14.2,11.8,34,Yes,9.7,23,12.29
2025-11-02,H1305,1,4.3,2,47.5,45.0,33,Yes,5.9,31,8.47
2025-11-03,H1306,1,6.7,1,47.5,45.5,39,No,8.7,37,13.67
2025-11-04,H1307,3,7.0,4,14.2,13.0,27,No,23.1,38,20.79
2025-11-05,H1308,2,3.3,1,14.2,14.2,30,No,5.1,20,7.84
2025-11-06,H1309,4,5.8,4,14.2,13.0,30,No,17.0,28,20.99
2025-11-07,H1310,5,4.5,3,14.2,12.1,31,No,20.1,16,19.57
2025-11-08,H1311,3,2.6,4,19.0,18.0,38,Yes,6.9,36,12.86
2025-11-09,H1312,4,5.7,2,19.0,18.4,27,Yes,17.9,30,18.02
2025-11-10,H1313,6,3.0,3,19.0,18.3,38,No,10.5,29,18.19
2025-11-11,H1314,4,2.8,1,14.2,12.9,27,No,17.4,29,11.75
2025-11-12,H1315,6,6.9,4,19.0,17.8,32,No,28.8,19,25.25
2025-11-13,H1316,5,6.9,3,14.2,14.1,24,No,19.6,36,21.76
2025-11-14,H1317,1,6.6,3,14.2,11.4,33,No,26.3,33,18.27
2025-11-15,H1318,5,3.9,1,19.0,17.6,28,Yes,22.7,18,15.39
2025-11-16,H1319,7,4.0,1,14.2,11.9,27,Yes,24.1,36,18.92
2025-11-17,H1320,4,1.8,3,19.0,16.2,32,No,28.9,38,13.91
2025-11-18,H1321,6,1.2,3,19.0,18.3,35,No,24.7,24,15.43
2025-11-19,H1322,6,3.6,1,19.0,16.7,35,No,8.9,18,13.31
2025-11-20,H1323,4,4.7,3,19.0,18.6,27,No,12.9,21,15.18
2025-11-21,H1324,7,1.1,4,19.0,17.4,31,No,19.0,21,16.62
2025-11-22,H1325,2,3.5,4,47.5,45.6,28,Yes,29.5,32,15.33
2025-11-23,H1326,7,2.2,4,47.5,46.5,26,Yes,29.3,26,20.16
2025-11-24,H1327,1,1.1,1,47.5,46.8,33,No,7.2,36,5.33
2025-11-25,H1328,1,6.9,1,47.5,44.9,33,No,18.6,21,16.9
2025-11-26,H1329,1,4.7,2,47.5,46.1,24,No,15.7,19,14.77
2025-11-27,H1330,1,5.0,2,19.0,16.4,26,No,21.3,36,13.72
2025-11-28,H1331,7,4.1,4,14.2,13.1,26,No,6.3,31,17.82
2025-11-29,H1332,7,6.2,2,14.2,13.2,37,Yes,23.9,29,22.9
2025-11-30,H1333,5,5.0,4,19.0,16.4,34,Yes,28.7,22,24.38
2025-12-01,H1334,2,4.3,2,14.2,14.0,37,No,13.6,26,13.32
2025-12-02,H1335,4,5.8,3,14.2,12.2,32,No,14.9,25,19.98
2025-12-03,H1336,3,2.2,4,47.5,45.9,31,No,13.9,23,13.19
2025-12-04,H1337,5,2.9,1,47.5,46.3,39,No,27.4,32,15.26
2025-12-05,H1338,4,4.3,2,47.5,46.5,26,No,14.1,32,14.35
2025-12-06,H1339,6,1.8,1,14.2,14.1,31,Yes,27.3,30,14.77
2025-12-07,H1340,4,5.8,2,47.5,47.2,39,Yes,7.9,25,16.7
2025-12-08,H1341,1,3.5,3,19.0,18.6,37,No,20.9,18,15.02
2025-12-09,H1342,2,3.6,3,14.2,13.8,28,No,19.0,15,12.12
2025-12-10,H1343,4,6.3,2,14.2,13.1,26,No,9.7,23,19.07
2025-12-11,H1344,2,1.7,4,47.5,46.6,34,No,27.5,26,13.49
2025-12-12,H1345,5,2.5,2,19.0,16.5,35,No,18.1,30,15.82
2025-12-13,H1346,2,1.6,1,47.5,46.2,25,Yes,13.7,29,7.11
2025-12-14,H1347,3,4.9,4,47.5,45.8,24,Yes,26.0,25,20.72
2025-12-15,H1348,3,4.8,4,14.2,12.0,25,No,13.1,22,14.64
2025-12-16,H1349,7,2.0,1,14.2,12.2,24,No,25.9,37,15.69
2025-12-17,H1350,3,5.2,1,47.5,46.9,38,No,10.3,17,15.31
2025-12-18,H1351,5,4.9,2,14.2,11.5,24,No,24.2,17,18.03
2025-12-19,H1352,7,2.6,1,14.2,11.6,34,No,19.0,16,16.69
2025-12-20,H1353,6,2.4,1,14.2,12.6,26,Yes,15.3,28,14.58
2025-12-21,H1354,1,1.3,4,47.5,47.4,29,Yes,12.0,30,9.58
2025-12-22,H1355,6,6.5,2,14.2,12.1,35,No,5.5,21,20.14
2025-12-23,H1356,1,2.8,3,47.5,45.9,26,No,26.8,28,12.03
2025-12-24,H1357,5,4.2,4,14.2,13.4,32,No,5.3,38,15.7
2025-12-25,H1358,6,4.6,3,19.0,18.3,37,No,23.6,18,19.48
2025-12-26,H1359,4,6.1,1,14.2,13.2,29,No,27.3,37,20.34
2025-12-27,H1360,6,5.8,2,47.5,46.2,34,Yes,29.9,32,23.77
2025-12-28,H1361,5,1.4,4,14.2,13.5,35,Yes,7.9,23,14.52
2025-12-29,H1362,4,6.2,2,47.5,44.9,24,No,5.6,37,16.54
2025-12-30,H1363,4,6.5,2,47.5,45.2,32,No,13.5,34,18.62
2025-12-31,H1364,5,4.8,4,14.2,11.8,26,No,10.9,21,17.11
2025-01-01,H1365,4,3.3,1,47.5,44.6,35,No,28.8,16,16.2
2025-01-02,H1366,1,4.0,3,14.2,13.0,29,No,11.4,31,10.04
2025-01-03,H1367,6,1.3,4,19.0,18.3,33,No,29.3,27,18.14
2025-01-04,H1368,6,4.7,1,47.5,46.1,24,Yes,17.9,20,20.05
2025-01-05,H1369,1,2.3,3,47.5,45.0,24,Yes,13.5,35,9.5
2025-01-06,H1370,6,3.4,2,47.5,44.7,32,No,25.4,31,19.45
2025-01-07,H1371,5,3.1,3,47.5,45.8,30,No,17.3,25,14.69
2025-01-08,H1372,3,1.8,2,19.0,18.5,31,No,15.5,26,12.53
2025-01-09,H1373,5,5.3,4,19.0,17.0,24,No,25.6,21,24.09
2025-01-10,H1374,5,1.0,3,14.2,14.2,37,No,11.4,37,10.34
2025-01-11,H1375,4,5.1,2,47.5,45.5,24,Yes,16.4,32,15.7
2025-01-12,H1376,7,3.5,4,47.5,44.8,35,Yes,7.0,29,19.25
2025-01-13,H1377,2,5.0,1,19.0,17.1,26,No,19.8,24,14.67
2025-01-14,H1378,3,6.5,1,14.2,13.7,26,No,23.1,35,20.38
2025-01-15,H1379,6,6.0,2,19.0,18.6,24,No,22.4,26,21.46
2025-01-16,H1380,1,1.5,3,19.0,18.9,28,No,25.2,39,11.81
2025-01-17,H1381,1,1.4,1,14.2,12.1,25,No,15.1,27,6.22
2025-01-18,H1382,5,6.2,2,47.5,46.2,25,Yes,14.6,17,21.25
2025-01-19,H1383,7,5.6,3,47.5,46.5,39,Yes,5.3,39,18.37
2025-01-20,H1384,4,5.1,3,19.0,17.5,35,No,15.8,18,16.19
2025-01-21,H1385,1,3.1,4,19.0,18.0,33,No,21.1,17,12.63
2025-01-22,H1386,7,5.8,3,19.0,18.1,29,No,26.2,22,24.2
2025-01-23,H1387,4,4.5,2,14.2,12.8,27,No,9.2,32,14.93
2025-01-24,H1388,3,4.2,1,14.2,13.0,34,No,10.2,25,12.29
2025-01-25,H1389,2,3.4,2,19.0,16.7,38,Yes,17.2,24,14.14
2025-01-26,H1390,5,3.2,4,47.5,46.6,30,Yes,16.1,32,18.53
2025-01-27,H1391,1,1.5,3,47.5,44.6,27,No,5.8,30,8.1
2025-01-28,H1392,5,1.9,1,14.2,12.6,36,No,24.0,37,14.21
2025-01-29,H1393,2,6.0,1,14.2,13.6,24,No,17.7,26,14.68
2025-01-30,H1394,3,4.3,3,47.5,47.0,38,No,8.5,17,12.75
2025-01-31,H1395,2,3.9,3,14.2,11.9,26,No,27.0,22,15.35
2025-02-01,H1396,2,3.8,3,47.5,46.3,35,Yes,26.3,19,15.93
2025-02-02,H1397,3,1.8,3,19.0,16.3,34,Yes,13.8,29,12.94
2025-02-03,H1398,5,5.5,3,14.2,13.8,24,No,22.0,23,22.56
2025-02-04,H1399,4,6.8,3,19.0,17.6,39,No,7.3,34,20.31
2025-02-05,H1400,7,2.8,4,14.2,13.3,24,No,19.1,37,19.17
2025-02-06,H1401,3,6.5,3,14.2,12.5,26,No,27.4,32,21.0
2025-02-07,H1402,7,5.6,4,19.0,16.6,26,No,10.0,23,20.24
2025-02-08,H1403,5,3.6,1,19.0,18.1,31,Yes,6.6,20,12.54
2025-02-09,H1404,5,4.1,2,14.2,13.5,30,Yes,5.5,36,15.6
2025-02-10,H1405,3,6.2,2,19.0,18.6,37,No,21.1,26,19.94
2025-02-11,H1406,3,2.3,1,47.5,45.1,26,No,29.9,22,15.81
2025-02-12,H1407,7,1.0,3,47.5,45.3,32,No,20.8,29,15.03
2025-02-13,H1408,5,5.9,1,19.0,16.7,27,No,22.5,22,19.75
2025-02-14,H1409,2,1.5,4,47.5,45.4,38,No,6.7,17,9.39
2025-02-15,H1410,6,5.8,1,47.5,45.4,36,Yes,28.9,20,21.68
2025-02-16,H1411,1,4.0,2,47.5,46.8,29,Yes,6.3,16,10.9
2025-02-17,H1412,7,2.3,2,14.2,13.4,31,No,12.3,38,15.53
2025-02-18,H1413,3,1.1,3,47.5,46.1,24,No,18.7,35,9.52
2025-02-19,H1414,3,3.1,1,47.5,45.2,38,No,27.2,37,15.96
2025-02-20,H1415,2,4.5,4,19.0,17.3,27,No,22.1,28,16.62
2025-02-21,H1416,6,5.9,4,47.5,46.6,37,No,18.0,27,24.52
2025-02-22,H1417,2,3.4,3,14.2,13.3,25,Yes,25.6,25,14.11
2025-02-23,H1418,1,2.9,3,14.2,13.6,36,Yes,6.2,36,10.02
2025-02-24,H1419,7,4.5,4,19.0,19.0,28,No,28.5,25,25.36
2025-02-25,H1420,3,2.6,3,14.2,11.6,27,No,24.7,29,16.61
2025-02-26,H1421,3,6.5,4,14.2,11.4,26,No,7.2,37,17.97
2025-02-27,H1422,1,6.6,1,47.5,45.4,33,No,8.5,35,14.45
2025-02-28,H1423,5,2.1,4,47.5,45.2,24,No,21.9,39,15.92
2025-03-01,H1424,5,3.9,3,14.2,12.3,33,Yes,7.6,36,17.6
2025-03-02,H1425,4,6.2,3,19.0,17.6,25,Yes,20.9,17,20.16
2025-03-03,H1426,4,6.2,1,19.0,17.8,36,No,15.4,16,16.83
2025-03-04,H1427,1,6.2,2,47.5,44.9,24,No,24.9,37,17.51
2025-03-05,H1428,2,3.4,4,14.2,12.2,25,No,23.4,20,15.96
2025-03-06,H1429,5,5.1,2,47.5,46.9,27,No,7.1,25,16.14
2025-03-07,H1430,1,5.9,2,19.0,17.5,35,No,7.5,24,11.21
2025-03-08,H1431,5,6.5,2,14.2,14.1,27,Yes,28.7,17,23.06
2025-03-09,H1432,7,3.0,4,47.5,45.7,31,Yes,23.1,39,22.57
2025-03-10,H1433,4,3.4,1,47.5,46.6,35,No,11.7,31,13.13
2025-03-11,H1434,2,6.1,2,19.0,18.9,34,No,14.6,23,14.55
2025-03-12,H1435,6,3.6,4,47.5,46.6,24,No,23.5,21,19.89
2025-03-13,H1436,6,4.4,4,19.0,18.1,27,No,18.7,18,22.13
2025-03-14,H1437,1,4.3,4,19.0,16.7,32,No,12.3,27,12.9
2025-03-15,H1438,4,6.4,1,14.2,13.5,25,Yes,20.1,27,20.21
2025-03-16,H1439,7,5.0,4,14.2,11.3,32,Yes,11.0,38,23.27
2025-03-17,H1440,2,4.9,4,47.5,47.3,32,No,10.1,26,15.45
2025-03-18,H1441,1,4.7,2,19.0,18.1,26,No,8.7,35,11.7
2025-03-19,H1442,4,3.3,4,19.0,17.1,24,No,13.6,34,15.02
2025-03-20,H1443,6,3.8,3,14.2,14.0,37,No,6.6,31,18.34
2025-03-21,H1444,4,4.8,3,14.2,14.1,24,No,28.9,16,19.15
2025-03-22,H1445,5,6.7,2,19.0,18.8,29,Yes,28.2,32,23.48
2025-03-23,H1446,6,3.6,2,14.2,12.5,29,Yes,16.1,26,19.01
2025-03-24,H1447,4,6.1,4,47.5,44.5,25,No,26.3,26,24.25
2025-03-25,H1448,4,6.7,4,19.0,17.8,34,No,29.5,39,22.83
2025-03-26,H1449,5,3.6,3,14.2,13.7,29,No,20.6,20,16.68
2025-03-27,H1450,3,5.4,1,47.5,44.7,34,No,14.9,30,17.39
2025-03-28,H1451,7,3.4,2,19.0,17.6,39,No,12.7,15,17.47
2025-03-29,H1452,1,2.0,4,47.5,45.2,36,Yes,17.5,23,12.24
2025-03-30,H1453,4,3.1,4,47.5,45.8,38,Yes,20.9,38,18.06
2025-03-31,H1454,2,4.1,4,19.0,18.7,28,No,11.1,17,15.55
2025-04-01,H1455,5,1.7,1,47.5,47.0,30,No,28.0,33,14.93
2025-04-02,H1456,1,5.6,1,14.2,12.3,27,No,23.9,17,13.41
2025-04-03,H1457,7,4.5,2,14.2,12.3,36,No,11.3,34,19.31
2025-04-04,H1458,2,4.9,2,14.2,11.5,33,No,28.0,34,15.06
2025-04-05,H1459,3,2.3,1,47.5,46.8,24,Yes,9.4,16,10.45
2025-04-06,H1460,1,6.7,1,14.2,12.0,31,Yes,19.5,17,15.26
2025-04-07,H1461,3,2.7,4,47.5,46.2,30,No,28.7,22,16.19
2025-04-08,H1462,6,5.7,2,14.2,11.5,25,No,10.1,22,18.11
2025-04-09,H1463,3,4.6,2,19.0,18.4,32,No,14.1,29,16.44
2025-04-10,H1464,1,3.5,4,47.5,45.0,38,No,13.3,16,13.41
2025-04-11,H1465,2,5.9,2,47.5,44.9,30,No,6.1,34,13.77
2025-04-12,H1466,5,3.4,1,14.2,11.9,32,Yes,19.8,36,15.31
2025-04-13,H1467,1,6.8,3,19.0,18.4,28,Yes,12.6,17,17.85
2025-04-14,H1468,6,5.4,4,14.2,13.3,26,No,21.6,29,22.48
2025-04-15,H1469,5,3.5,2,14.2,11.5,28,No,22.8,33,16.14
2025-04-16,H1470,6,3.0,3,19.0,16.6,30,No,10.5,36,15.77
2025-04-17,H1471,5,1.9,4,19.0,18.8,38,No,23.8,16,17.93
2025-04-18,H1472,1,2.6,4,14.2,14.1,32,No,14.0,30,10.29
2025-04-19,H1473,1,1.8,1,19.0,18.7,24,Yes,22.7,33,8.72
2025-04-20,H1474,1,3.7,2,14.2,12.1,39,Yes,7.5,20,11.53
2025-04-21,H1475,7,1.8,1,47.5,44.9,24,No,5.8,23,11.84
2025-04-22,H1476,5,2.3,4,14.2,11.3,26,No,8.0,31,15.16
2025-04-23,H1477,7,3.6,4,47.5,46.0,26,No,17.1,18,21.56
2025-04-24,H1478,4,3.3,3,14.2,11.9,26,No,5.3,15,15.09
2025-04-25,H1479,5,1.6,4,19.0,16.9,26,No,22.7,15,18.01
2025-04-26,H1480,3,3.6,1,47.5,45.3,29,Yes,8.0,30,12.6
2025-04-27,H1481,3,6.7,4,19.0,18.6,33,Yes,25.2,18,22.39
2025-04-28,H1482,2,6.2,3,47.5,46.0,31,No,11.3,38,18.1
2025-04-29,H1483,2,6.0,3,47.5,45.6,27,No,21.9,15,18.38
2025-04-30,H1484,6,3.3,1,14.2,13.1,24,No,28.4,19,19.56
2025-05-01,H1485,6,4.6,4,14.2,11.8,37,No,7.1,23,19.46
2025-05-02,H1486,5,1.4,2,14.2,13.1,27,No,29.6,34,16.31
2025-05-03,H1487,7,1.7,3,14.2,12.9,29,Yes,20.0,34,16.46
2025-05-04,H1488,2,6.6,1,19.0,16.1,33,Yes,16.3,24,15.08
2025-05-05,H1489,6,4.3,4,14.2,13.0,28,No,9.7,34,18.48
2025-05-06,H1490,3,4.1,3,14.2,13.4,33,No,17.9,17,14.8
2025-05-07,H1491,4,4.3,2,47.5,44.6,34,No,19.9,29,18.64
2025-05-08,H1492,3,3.6,4,19.0,17.2,27,No,7.3,16,12.73
2025-05-09,H1493,2,5.2,2,19.0,18.2,33,No,16.3,30,15.39
2025-05-10,H1494,3,2.6,4,47.5,47.5,27,Yes,28.7,39,15.06
2025-05-11,H1495,7,2.3,3,47.5,44.9,34,Yes,24.3,18,19.91
2025-05-12,H1496,1,1.3,1,14.2,14.2,27,No,28.4,23,9.43
2025-05-13,H1497,1,2.3,1,19.0,16.5,33,No,23.5,20,12.06
2025-05-14,H1498,1,4.0,3,14.2,12.9,26,No,27.3,35,16.72
2025-05-15,H1499,4,6.2,4,47.5,46.2,32,No,16.0,33,20.86
2025-05-16,H1500,1,4.3,1,14.2,13.5,27,No,10.1,21,9.27
2025-05-17,H1501,7,1.3,4,19.0,19.0,38,Yes,13.9,28,15.41
2025-05-18,H1502,2,1.4,1,14.2,12.9,37,Yes,20.2,25,9.72
2025-05-19,H1503,6,6.7,2,19.0,16.3,38,No,25.6,27,25.12
2025-05-20,H1504,3,4.7,1,14.2,13.4,34,No,18.0,33,16.13
2025-05-21,H1505,1,6.5,2,14.2,11.8,30,No,11.7,15,16.47
2025-05-22,H1506,1,1.2,3,19.0,17.6,36,No,26.8,20,10.47
2025-05-23,H1507,4,4.2,3,19.0,16.2,35,No,15.5,36,17.74
2025-05-24,H1508,2,1.1,4,19.0,17.2,30,Yes,6.4,36,6.64
2025-05-25,H1509,4,1.6,3,14.2,12.1,29,Yes,21.4,15,15.58
2025-05-26,H1510,5,2.0,1,14.2,11.8,35,No,21.6,21,15.0
2025-05-27,H1511,7,5.1,3,14.2,11.8,24,No,12.7,38,21.2
2025-05-28,H1512,1,3.1,3,47.5,47.3,31,No,24.7,37,12.05
2025-05-29,H1513,7,6.7,4,14.2,12.3,24,No,17.6,21,24.1
2025-05-30,H1514,1,1.6,1,19.0,18.8,36,No,17.6,36,8.01
2025-05-31,H1515,5,5.1,1,19.0,18.0,39,Yes,23.7,39,17.24
2025-06-01,H1516,1,2.0,1,19.0,17.8,39,Yes,22.3,29,9.42
2025-06-02,H1517,5,2.0,4,14.2,11.6,28,No,23.3,32,16.05
2025-06-03,H1518,6,1.5,1,19.0,17.8,39,No,27.3,28,14.2
2025-06-04,H1519,7,1.6,4,19.0,18.6,33,No,20.2,28,16.71
2025-06-05,H1520,7,3.3,3,47.5,46.5,37,No,29.0,22,23.49
2025-06-06,H1521,1,3.5,2,47.5,44.9,26,No,22.4,29,13.54
2025-06-07,H1522,5,4.0,3,19.0,17.4,24,Yes,20.8,30,20.34
2025-06-08,H1523,1,4.0,1,47.5,46.5,39,Yes,29.5,31,12.73
2025-06-09,H1524,5,5.6,3,47.5,46.9,24,No,28.8,15,20.63
2025-06-10,H1525,1,6.1,3,19.0,17.6,38,No,27.1,25,18.92
2025-06-11,H1526,4,6.3,2,14.2,12.0,31,No,23.8,39,22.11
2025-06-12,H1527,1,3.9,3,14.2,13.3,30,No,16.3,33,13.99
2025-06-13,H1528,1,6.3,3,19.0,19.0,37,No,14.7,22,14.05
2025-06-14,H1529,2,1.4,2,14.2,12.8,38,Yes,18.5,18,11.19
2025-06-15,H1530,4,4.9,1,47.5,46.1,36,Yes,25.1,29,16.9
2025-06-16,H1531,5,4.4,1,19.0,17.7,26,No,13.8,22,14.43
2025-06-17,H1532,6,3.2,4,14.2,12.0,33,No,13.7,25,19.27
2025-06-18,H1533,1,3.2,3,14.2,11.8,36,No,7.6,30,8.19
2025-06-19,H1534,1,4.5,1,47.5,45.9,37,No,25.1,34,12.33
2025-06-20,H1535,5,2.2,4,19.0,16.8,30,No,21.6,20,17.82
2025-06-21,H1536,1,2.5,3,19.0,17.2,39,Yes,24.4,24,12.55
2025-06-22,H1537,6,5.5,4,47.5,46.1,36,Yes,22.8,30,22.02
2025-06-23,H1538,3,2.1,1,19.0,18.4,37,No,26.7,24,12.92
2025-06-24,H1539,7,4.3,2,19.0,16.9,35,No,16.1,37,20.31
2025-06-25,H1540,1,2.6,2,47.5,45.9,26,No,28.5,15,12.51
2025-06-26,H1541,4,3.8,2,47.5,46.8,27,No,25.6,24,17.87
2025-06-27,H1542,7,5.9,4,14.2,11.9,29,No,24.7,19,26.38
2025-06-28,H1543,1,3.6,1,19.0,17.6,29,Yes,5.8,35,10.11
2025-06-29,H1544,7,4.3,4,47.5,44.9,39,Yes,13.1,38,19.47
2025-06-30,H1545,7,6.4,4,14.2,12.2,25,No,26.1,25,27.67
2025-07-01,H1546,5,1.4,4,19.0,16.5,35,No,13.2,24,11.96
2025-07-02,H1547,3,2.4,3,14.2,13.3,36,No,8.3,34,12.83
2025-07-03,H1548,5,5.7,3,47.5,47.5,35,No,21.4,17,19.29
2025-07-04,H1549,7,5.6,2,19.0,16.9,27,No,6.0,29,19.65
2025-07-05,H1550,2,4.4,4,14.2,13.0,36,Yes,19.7,39,14.42
2025-07-06,H1551,5,5.5,3,47.5,45.5,36,Yes,14.7,34,19.87
2025-07-07,H1552,7,6.6,2,47.5,46.4,35,No,18.2,19,25.52
2025-07-08,H1553,4,4.0,2,47.5,45.1,27,No,28.5,28,16.31
2025-07-09,H1554,3,6.0,3,47.5,45.5,25,No,7.8,25,15.23
2025-07-10,H1555,5,1.3,3,47.5,45.4,32,No,6.7,36,10.31
2025-07-11,H1556,7,4.6,3,47.5,46.9,29,No,16.4,29,20.79
2025-07-12,H1557,6,2.0,4,47.5,45.4,24,Yes,20.2,25,17.25
2025-07-13,H1558,6,5.1,2,14.2,12.6,31,Yes,28.8,27,20.82
2025-07-14,H1559,5,6.0,2,19.0,16.2,33,No,23.5,26,20.72
2025-07-15,H1560,6,5.2,1,19.0,17.7,37,No,27.9,34,22.9
2025-07-16,H1561,6,5.0,3,14.2,12.7,34,No,27.2,30,22.04
2025-07-17,H1562,7,2.7,3,47.5,47.1,26,No,5.8,24,16.77
2025-07-18,H1563,7,6.8,4,19.0,16.2,28,No,6.6,34,22.51
2025-07-19,H1564,5,6.9,1,47.5,45.5,33,Yes,28.4,33,23.04
2025-07-20,H1565,2,1.4,4,19.0,18.5,34,Yes,16.7,20,12.81
2025-07-21,H1566,4,3.6,4,47.5,44.6,37,No,9.2,22,15.0
2025-07-22,H1567,7,5.8,2,14.2,12.3,36,No,10.8,24,19.89
2025-07-23,H1568,1,3.1,1,47.5,47.3,28,No,9.3,18,7.1
2025-07-24,H1569,6,6.2,3,19.0,18.2,29,No,17.1,37,23.15
2025-07-25,H1570,6,5.8,1,47.5,46.1,33,No,17.6,28,19.47
2025-07-26,H1571,4,2.6,2,19.0,16.4,24,Yes,16.5,24,14.89
2025-07-27,H1572,2,2.7,2,47.5,46.1,36,Yes,13.7,32,11.46
2025-07-28,H1573,1,6.2,3,19.0,18.9,30,No,26.0,31,19.16
2025-07-29,H1574,4,1.1,1,19.0,17.5,39,No,21.4,26,11.46
2025-07-30,H1575,3,4.9,1,19.0,16.4,25,No,8.1,21,13.19
2025-07-31,H1576,1,4.1,4,47.5,46.9,24,No,25.4,20,15.9
2025-08-01,H1577,1,4.1,2,19.0,17.1,27,No,29.3,22,14.3
2025-08-02,H1578,3,1.8,2,47.5,44.9,28,Yes,12.0,17,9.03
2025-08-03,H1579,2,6.4,4,14.2,11.4,31,Yes,19.0,39,20.14
2025-08-04,H1580,3,6.6,4,14.2,13.9,24,No,23.2,19,20.04
2025-08-05,H1581,1,1.2,3,19.0,18.3,33,No,18.0,36,10.01
2025-08-06,H1582,5,6.2,2,47.5,47.3,27,No,23.8,36,20.72
2025-08-07,H1583,1,3.1,1,19.0,18.1,31,No,28.0,27,14.03
2025-08-08,H1584,3,2.4,3,47.5,45.7,28,No,16.7,39,13.75
2025-08-09,H1585,7,3.9,2,47.5,46.0,37,Yes,30.0,32,21.44
2025-08-10,H1586,6,3.9,3,14.2,14.1,28,Yes,6.1,31,16.71
2025-08-11,H1587,4,5.0,4,47.5,46.0,38,No,8.1,34,16.23
2025-08-12,H1588,1,3.6,2,47.5,44.5,35,No,5.6,16,8.18
2025-08-13,H1589,7,3.8,1,19.0,18.7,32,No,9.7,26,16.36
2025-08-14,H1590,2,3.4,3,19.0,17.3,38,No,24.3,35,15.02
2025-08-15,H1591,7,6.6,2,47.5,47.3,28,No,23.7,33,24.74
2025-08-16,H1592,1,2.7,3,14.2,13.2,24,Yes,13.3,16,10.98
2025-08-17,H1593,3,4.8,3,19.0,17.2,26,Yes,9.8,16,15.64
2025-08-18,H1594,5,6.3,4,19.0,17.9,24,No,12.0,27,19.09
2025-08-19,H1595,1,5.2,3,14.2,12.9,26,No,12.8,17,12.53
2025-08-20,H1596,3,6.1,2,19.0,18.0,31,No,18.5,26,16.79
2025-08-21,H1597,2,6.6,4,47.5,47.0,38,No,9.1,26,16.41
2025-08-22,H1598,7,6.8,1,47.5,44.8,26,No,11.2,36,22.29
2025-08-23,H1599,2,4.9,4,47.5,45.8,26,Yes,12.4,17,16.46
2025-08-24,H1600,1,1.0,4,19.0,16.4,35,Yes,15.3,16,10.38
2025-08-25,H1601,2,6.4,3,19.0,18.1,39,No,22.3,15,18.62
2025-08-26,H1602,2,2.1,2,19.0,17.2,27,No,25.8,36,11.0
2025-08-27,H1603,5,4.2,2,19.0,17.0,33,No,12.5,34,17.34
2025-08-28,H1604,1,2.0,1,47.5,46.3,29,No,27.6,30,9.39
2025-08-29,H1605,7,5.0,2,14.2,13.9,26,No,19.2,37,22.14
2025-08-30,H1606,2,4.4,4,47.5,47.5,30,Yes,11.3,19,12.85
2025-08-31,H1607,5,3.8,4,19.0,18.7,29,Yes,10.4,23,18.56
2025-09-01,H1608,2,5.4,4,47.5,45.6,34,No,18.3,26,18.85
2025-09-02,H1609,5,4.4,3,14.2,12.5,36,No,25.5,23,18.23
2025-09-03,H1610,2,3.6,3,47.5,47.1,38,No,6.3,26,11.55
2025-09-04,H1611,6,2.4,3,14.2,12.5,32,No,19.4,36,18.67
2025-09-05,H1612,7,5.9,2,19.0,16.3,39,No,14.1,29,19.88
2025-09-06,H1613,6,2.3,1,47.5,45.0,39,Yes,17.1,20,15.13
2025-09-07,H1614,6,3.3,1,47.5,45.8,36,Yes,14.6,31,14.97
2025-09-08,H1615,3,1.1,1,47.5,44.7,24,No,15.5,16,7.28
2025-09-09,H1616,5,2.9,2,47.5,47.0,39,No,20.5,18,16.3
2025-09-10,H1617,6,6.1,3,19.0,17.7,30,No,17.8,25,20.49
2025-09-11,H1618,3,1.5,3,14.2,13.5,26,No,15.1,30,9.46
2025-09-12,H1619,5,3.6,3,14.2,13.4,24,No,16.1,18,16.67
2025-09-13,H1620,2,4.2,1,47.5,47.3,38,Yes,12.2,22,10.57
2025-09-14,H1621,4,6.4,4,19.0,17.7,35,Yes,18.0,16,21.43
2025-09-15,H1622,6,2.9,3,14.2,12.0,32,No,12.8,16,18.05
2025-09-16,H1623,4,6.5,2,14.2,13.3,39,No,15.1,24,18.43
2025-09-17,H1624,2,5.1,1,14.2,13.0,25,No,25.6,27,16.6
2025-09-18,H1625,6,4.2,2,14.2,13.5,35,No,14.5,37,18.0
2025-09-19,H1626,2,6.1,4,14.2,12.6,32,No,12.7,34,16.15
2025-09-20,H1627,3,4.4,2,14.2,14.2,24,Yes,22.4,18,15.22
2025-09-21,H1628,3,3.1,2,19.0,16.5,26,Yes,28.7,34,15.12
2025-09-22,H1629,7,2.6,3,47.5,45.2,32,No,20.1,37,18.56
2025-09-23,H1630,2,1.7,1,14.2,13.6,33,No,20.6,29,9.55
2025-09-24,H1631,4,4.3,2,19.0,16.7,25,No,9.3,30,14.48
2025-09-25,H1632,2,6.4,1,19.0,16.9,37,No,7.5,23,12.51
2025-09-26,H1633,3,4.6,2,47.5,47.3,34,No,5.6,35,15.01
2025-09-27,H1634,7,1.8,4,47.5,46.7,25,Yes,28.2,24,21.65
2025-09-28,H1635,3,1.2,1,14.2,14.2,26,Yes,5.7,30,5.39
2025-09-29,H1636,4,2.9,3,47.5,47.4,35,No,14.1,18,16.27
2025-09-30,H1637,2,1.4,3,47.5,45.4,38,No,23.8,29,11.71
2025-10-01,H1638,7,1.3,4,19.0,17.8,34,No,25.1,31,17.47
2025-10-02,H1639,5,1.5,2,19.0,18.7,35,No,6.3,29,12.59
2025-10-03,H1640,6,2.7,2,19.0,16.7,36,No,26.8,19,19.12
2025-10-04,H1641,7,3.4,2,14.2,12.5,36,Yes,19.3,19,20.0
2025-10-05,H1642,4,4.3,1,14.2,13.4,27,Yes,15.2,30,13.78
2025-10-06,H1643,6,1.2,1,47.5,46.5,25,No,9.8,36,10.8
2025-10-07,H1644,6,3.0,3,47.5,46.6,30,No,7.8,20,14.62
2025-10-08,H1645,7,5.7,4,14.2,12.2,27,No,7.6,19,20.3
2025-10-09,H1646,6,4.2,2,14.2,12.2,36,No,29.7,27,23.01
2025-10-10,H1647,2,4.0,4,19.0,16.1,37,No,13.8,17,14.67
2025-10-11,H1648,5,4.8,3,14.2,12.8,25,Yes,15.9,24,18.49
2025-10-12,H1649,4,5.0,4,14.2,11.6,37,Yes,5.6,25,15.74
2025-10-13,H1650,3,4.3,4,47.5,45.7,38,No,25.5,31,19.91
2025-10-14,H1651,4,2.2,3,47.5,46.9,33,No,24.8,24,16.92
2025-10-15,H1652,4,1.4,3,19.0,16.1,34,No,29.1,17,14.42
2025-10-16,H1653,2,6.3,2,14.2,12.4,39,No,5.1,36,14.19
2025-10-17,H1654,6,1.9,4,47.5,46.8,35,No,28.6,15,19.47
2025-10-18,H1655,1,4.9,3,14.2,14.0,39,Yes,10.3,39,14.41
2025-10-19,H1656,3,1.7,4,14.2,13.2,33,Yes,19.9,26,12.66
2025-10-20,H1657,4,1.2,2,19.0,18.8,25,No,26.1,21,13.95
2025-10-21,H1658,1,5.0,4,14.2,13.7,34,No,20.8,39,17.92
2025-10-22,H1659,5,5.8,1,19.0,17.3,36,No,5.6,35,14.9
2025-10-23,H1660,6,6.0,4,47.5,46.5,39,No,26.6,36,23.29
2025-10-24,H1661,4,6.9,2,47.5,45.9,39,No,29.9,38,23.9
2025-10-25,H1662,1,6.0,4,47.5,44.7,26,Yes,11.3,27,14.75
2025-10-26,H1663,3,6.5,1,47.5,45.6,37,Yes,16.1,28,18.29
2025-10-27,H1664,1,5.0,2,19.0,18.6,37,No,8.4,26,13.68
2025-10-28,H1665,6,6.5,2,19.0,18.0,34,No,15.1,22,20.72
2025-10-29,H1666,6,1.7,1,47.5,47.5,26,No,13.9,33,11.92
2025-10-30,H1667,6,4.2,4,47.5,44.8,27,No,19.1,23,20.73
2025-10-31,H1668,7,4.3,2,47.5,45.5,28,No,14.7,39,18.95
2025-11-01,H1669,1,2.9,3,19.0,18.8,30,Yes,29.7,38,13.51
2025-11-02,H1670,6,6.2,3,47.5,44.8,26,Yes,25.3,35,23.18
2025-11-03,H1671,1,3.9,4,19.0,17.0,36,No,22.4,15,15.26
2025-11-04,H1672,3,5.0,4,14.2,12.1,36,No,11.4,21,18.07
2025-11-05,H1673,6,7.0,3,47.5,45.6,36,No,21.8,39,23.6
2025-11-06,H1674,4,4.0,1,19.0,16.5,26,No,10.7,22,15.59
2025-11-07,H1675,3,3.9,3,19.0,18.2,32,No,7.2,33,14.62
2025-11-08,H1676,3,4.5,3,19.0,18.8,34,Yes,20.9,25,15.1
2025-11-09,H1677,3,2.6,2,14.2,13.4,29,Yes,21.3,15,15.27
2025-11-10,H1678,3,1.8,3,47.5,46.4,34,No,27.7,18,13.0
2025-11-11,H1679,2,5.6,4,19.0,17.9,28,No,18.2,35,16.9
2025-11-12,H1680,1,6.9,1,47.5,45.4,32,No,29.2,18,17.77
2025-11-13,H1681,1,5.1,2,19.0,17.8,29,No,18.8,27,12.69
2025-11-14,H1682,4,4.5,1,47.5,46.4,29,No,16.7,15,15.71
2025-11-15,H1683,6,1.4,4,14.2,11.2,39,Yes,7.9,34,13.68
2025-11-16,H1684,7,3.7,1,19.0,17.8,33,Yes,20.3,35,18.58
2025-11-17,H1685,4,3.4,4,19.0,16.6,33,No,23.3,31,19.58
2025-11-18,H1686,1,2.1,1,14.2,12.4,36,No,7.8,34,5.9
2025-11-19,H1687,4,3.4,2,47.5,47.4,27,No,10.2,18,13.75
2025-11-20,H1688,6,3.2,1,19.0,17.3,36,No,11.4,18,15.24
2025-11-21,H1689,3,5.1,4,14.2,11.5,25,No,9.3,30,16.54
2025-11-22,H1690,3,3.6,4,19.0,17.2,30,Yes,28.5,30,18.25
2025-11-23,H1691,4,2.2,2,19.0,17.6,35,Yes,27.9,18,16.41
2025-11-24,H1692,5,2.2,1,19.0,18.6,33,No,29.7,27,15.62
2025-11-25,H1693,4,1.2,2,47.5,46.1,25,No,19.5,19,10.14
2025-11-26,H1694,2,3.9,1,14.2,11.8,37,No,5.6,23,11.67
2025-11-27,H1695,4,5.9,1,14.2,12.5,28,No,16.0,34,15.75
2025-11-28,H1696,4,1.3,3,14.2,13.6,25,No,14.6,19,13.69
2025-11-29,H1697,4,1.3,2,14.2,12.9,34,Yes,19.7,31,12.3
2025-11-30,H1698,6,2.3,3,19.0,17.1,32,Yes,16.1,35,15.93
2025-12-01,H1699,7,4.2,4,47.5,46.3,26,No,20.6,23,20.1
2025-12-02,H1700,6,1.4,3,14.2,11.8,28,No,18.1,24,15.49
2025-12-03,H1701,2,1.5,1,47.5,47.5,26,No,9.6,29,7.76
2025-12-04,H1702,4,3.4,1,14.2,11.3,26,No,14.6,37,12.4
2025-12-05,H1703,7,4.0,1,14.2,14.1,31,No,19.3,27,21.04
2025-12-06,H1704,1,4.3,1,19.0,18.7,30,Yes,7.5,20,11.24
2025-12-07,H1705,6,4.2,1,19.0,17.6,33,Yes,28.6,28,19.84
2025-12-08,H1706,1,1.5,4,19.0,16.0,35,No,8.1,30,8.99
2025-12-09,H1707,4,3.1,3,47.5,45.4,28,No,28.7,32,19.3
2025-12-10,H1708,3,4.3,2,19.0,17.0,38,No,21.8,33,15.33
2025-12-11,H1709,7,3.5,4,19.0,18.9,24,No,5.6,39,16.36
2025-12-12,H1710,3,6.8,2,14.2,12.0,39,No,7.9,27,15.93
2025-12-13,H1711,1,1.3,2,14.2,11.8,25,Yes,19.7,27,8.59
2025-12-14,H1712,7,5.7,1,19.0,18.2,32,Yes,21.2,33,23.96
2025-12-15,H1713,5,5.1,2,19.0,16.5,35,No,17.2,15,18.33
2025-12-16,H1714,7,4.7,4,47.5,45.1,25,No,25.3,15,25.04
2025-12-17,H1715,3,1.4,2,47.5,47.3,33,No,27.3,17,12.6
2025-12-18,H1716,6,3.4,3,14.2,12.5,29,No,8.4,30,17.46
2025-12-19,H1717,5,1.8,4,47.5,45.3,29,No,27.0,22,15.81
2025-12-20,H1718,1,2.2,3,19.0,18.1,30,Yes,17.1,37,10.68
2025-12-21,H1719,5,4.6,3,19.0,18.3,28,Yes,16.8,37,17.92
2025-12-22,H1720,4,2.3,3,14.2,11.7,26,No,13.9,32,11.6
2025-12-23,H1721,3,2.6,1,19.0,16.8,32,No,24.9,22,13.72
2025-12-24,H1722,5,3.6,4,19.0,18.2,28,No,6.5,23,14.63
2025-12-25,H1723,2,1.0,2,19.0,16.3,36,No,23.4,27,9.45
2025-12-26,H1724,2,6.6,3,19.0,17.3,24,No,7.3,32,17.02
2025-12-27,H1725,4,3.4,1,47.5,46.7,24,Yes,9.9,27,12.66
2025-12-28,H1726,6,4.5,1,47.5,46.6,36,Yes,25.3,33,20.26
2025-12-29,H1727,6,6.5,1,47.5,46.5,24,No,11.7,26,21.25
2025-12-30,H1728,2,2.8,1,47.5,45.7,28,No,15.7,23,8.87
2025-12-31,H1729,7,5.3,2,47.5,45.9,27,No,19.5,38,21.45
2025-01-01,H1730,1,4.6,4,14.2,12.3,32,No,12.7,18,12.9
2025-01-02,H1731,7,1.9,4,19.0,16.9,28,No,19.1,32,19.81
2025-01-03,H1732,5,6.6,2,14.2,12.0,36,No,12.2,22,20.49
2025-01-04,H1733,7,2.4,1,19.0,18.6,34,Yes,10.5,24,16.34
2025-01-05,H1734,5,5.0,2,19.0,16.3,32,Yes,24.0,16,20.62
2025-01-06,H1735,4,2.3,4,19.0,16.6,28,No,28.4,28,16.63
2025-01-07,H1736,5,5.6,1,14.2,13.7,27,No,14.8,31,16.89
2025-01-08,H1737,1,5.4,3,19.0,17.1,30,No,17.6,17,14.93
2025-01-09,H1738,6,2.9,1,19.0,18.3,34,No,5.2,29,15.08
2025-01-10,H1739,1,3.2,1,47.5,46.5,26,No,26.2,31,12.67
2025-01-11,H1740,4,3.3,3,47.5,45.1,39,Yes,17.2,22,16.84
2025-01-12,H1741,2,2.9,4,19.0,17.5,24,Yes,12.6,27,13.96
2025-01-13,H1742,2,5.6,1,47.5,44.8,25,No,28.6,39,15.54
2025-01-14,H1743,6,4.9,2,14.2,13.5,37,No,12.8,17,17.42
2025-01-15,H1744,5,1.8,2,19.0,18.7,29,No,21.6,22,16.11
2025-01-16,H1745,6,6.2,1,14.2,11.2,36,No,23.5,38,22.59
2025-01-17,H1746,3,6.2,2,47.5,46.6,30,No,22.9,30,20.48
2025-01-18,H1747,4,2.2,3,47.5,45.0,28,Yes,20.9,18,14.99
2025-01-19,H1748,3,4.6,3,14.2,11.8,39,Yes,25.7,34,19.78
2025-01-20,H1749,3,6.0,3,19.0,16.9,36,No,14.1,31,17.04
2025-01-21,H1750,4,1.7,2,47.5,46.6,25,No,6.2,20,9.59
2025-01-22,H1751,2,4.8,4,47.5,45.4,37,No,28.6,23,17.05
2025-01-23,H1752,5,1.8,2,47.5,44.8,36,No,29.4,29,15.61
2025-01-24,H1753,1,2.0,2,14.2,12.9,36,No,5.8,39,5.51
2025-01-25,H1754,3,2.5,1,14.2,12.8,32,Yes,19.9,34,11.82
2025-01-26,H1755,5,5.9,1,47.5,45.0,33,Yes,21.8,25,19.84
2025-01-27,H1756,2,1.3,4,19.0,17.5,25,No,23.7,31,14.27
2025-01-28,H1757,5,2.6,4,14.2,13.2,32,No,19.3,23,16.63
2025-01-29,H1758,1,1.6,3,19.0,16.3,39,No,12.0,16,7.07
2025-01-30,H1759,6,5.4,1,14.2,12.0,24,No,10.8,15,16.74
2025-01-31,H1760,4,2.5,3,14.2,13.1,39,No,22.8,24,13.95
2025-02-01,H1761,4,6.5,2,19.0,18.3,30,Yes,23.8,38,19.07
2025-02-02,H1762,5,1.5,2,19.0,18.0,28,Yes,22.2,24,15.8
2025-02-03,H1763,2,6.2,3,19.0,18.9,25,No,16.5,17,18.63
2025-02-04,H1764,2,6.9,4,14.2,13.4,33,No,18.5,28,19.24
2025-02-05,H1765,2,1.6,1,19.0,17.4,32,No,5.2,26,8.46
2025-02-06,H1766,3,1.1,4,19.0,16.5,29,No,29.8,36,13.37
2025-02-07,H1767,7,2.1,2,19.0,17.3,30,No,10.6,36,17.18
2025-02-08,H1768,6,4.0,1,19.0,17.4,24,Yes,28.8,30,20.6
2025-02-09,H1769,2,2.8,2,19.0,17.0,38,Yes,24.6,36,13.99
2025-02-10,H1770,7,1.7,4,19.0,18.9,25,No,9.8,34,17.57
2025-02-11,H1771,6,1.5,3,19.0,17.6,28,No,26.5,26,16.91
2025-02-12,H1772,6,1.1,4,14.2,13.9,27,No,28.4,25,15.79
2025-02-13,H1773,3,6.3,4,19.0,17.2,35,No,12.2,28,20.5
2025-02-14,H1774,6,4.3,3,14.2,12.4,25,No,9.2,31,17.9
2025-02-15,H1775,6,4.9,1,47.5,45.6,29,Yes,8.0,20,18.12
2025-02-16,H1776,6,3.5,3,47.5,44.6,36,Yes,28.9,26,22.51
2025-02-17,H1777,1,1.3,1,14.2,11.6,34,No,28.7,16,10.74
2025-02-18,H1778,1,4.0,2,19.0,17.9,37,No,17.0,17,12.71
2025-02-19,H1779,7,4.8,1,14.2,11.4,30,No,23.6,32,22.82
2025-02-20,H1780,1,3.0,2,47.5,45.5,29,No,13.9,21,11.38
2025-02-21,H1781,6,5.9,2,14.2,13.5,24,No,9.9,29,18.83
2025-02-22,H1782,4,4.6,1,47.5,45.9,37,Yes,25.6,31,16.39
2025-02-23,H1783,3,5.8,2,14.2,13.1,25,Yes,27.1,29,18.12
2025-02-24,H1784,4,1.2,3,14.2,12.5,34,No,6.4,19,9.72
2025-02-25,H1785,5,3.3,1,14.2,12.6,37,No,12.4,31,13.16
2025-02-26,H1786,1,1.0,1,14.2,13.5,31,No,12.7,31,4.49
2025-02-27,H1787,2,6.8,4,14.2,12.1,28,No,18.7,37,18.67
2025-02-28,H1788,2,4.2,2,47.5,45.3,27,No,27.9,32,14.69
2025-03-01,H1789,6,5.6,3,14.2,14.2,34,Yes,23.4,38,23.0
2025-03-02,H1790,4,1.3,3,14.2,12.7,35,Yes,10.7,33,9.64
2025-03-03,H1791,2,3.5,2,14.2,13.4,24,No,16.1,35,11.23
2025-03-04,H1792,1,6.5,1,19.0,18.1,35,No,25.3,17,16.54
2025-03-05,H1793,7,6.0,4,47.5,45.1,28,No,20.0,28,25.57
2025-03-06,H1794,5,5.5,1,14.2,14.0,33,No,6.6,30,16.17
2025-03-07,H1795,5,3.8,2,47.5,45.6,39,No,21.5,28,17.78
2025-03-08,H1796,2,4.6,1,14.2,12.0,36,Yes,14.5,17,14.87
2025-03-09,H1797,5,3.4,2,19.0,17.7,37,Yes,12.5,26,15.34
2025-03-10,H1798,6,2.5,2,47.5,45.5,28,No,10.1,18,12.79
2025-03-11,H1799,2,6.9,3,19.0,18.0,24,No,26.0,16,18.96
2025-03-12,H1800,3,6.6,3,19.0,16.8,25,No,26.4,28,21.47
2025-03-13,H1801,2,6.6,2,14.2,14.0,39,No,9.5,32,15.11
2025-03-14,H1802,3,4.7,1,47.5,46.3,30,No,18.9,33,14.59
2025-03-15,H1803,3,6.1,1,47.5,45.2,34,Yes,22.0,29,17.67
2025-03-16,H1804,2,5.4,1,47.5,45.9,38,Yes,8.5,20,11.85
2025-03-17,H1805,5,5.5,1,47.5,45.8,31,No,28.2,17,19.92
2025-03-18,H1806,7,5.3,4,14.2,13.6,30,No,11.5,23,23.14
2025-03-19,H1807,1,1.7,2,14.2,11.8,24,No,19.1,18,7.87
2025-03-20,H1808,2,3.3,2,19.0,16.3,25,No,23.2,16,12.08
2025-03-21,H1809,2,4.6,4,14.2,13.2,34,No,20.6,26,16.58
2025-03-22,H1810,2,3.0,1,47.5,45.3,28,Yes,25.1,22,13.82
2025-03-23,H1811,2,3.6,2,14.2,11.6,25,Yes,11.9,35,10.33
2025-03-24,H1812,6,6.6,4,19.0,17.8,32,No,13.2,20,24.29
2025-03-25,H1813,5,3.8,4,47.5,44.9,37,No,5.3,31,16.45
2025-03-26,H1814,6,3.9,2,47.5,45.5,28,No,18.0,35,17.38
2025-03-27,H1815,7,3.9,3,19.0,16.7,35,No,7.7,26,17.15
2025-03-28,H1816,3,2.5,1,19.0,16.7,39,No,29.5,39,12.53
2025-03-29,H1817,2,3.4,4,47.5,45.0,36,Yes,23.0,21,15.05
2025-03-30,H1818,5,2.5,3,14.2,12.9,25,Yes,20.4,33,16.54
2025-03-31,H1819,6,4.9,2,14.2,13.3,36,No,27.1,35,19.97
2025-04-01,H1820,4,7.0,2,47.5,44.6,27,No,17.9,27,21.28
2025-04-02,H1821,4,6.1,2,47.5,46.1,26,No,10.0,36,16.23
2025-04-03,H1822,4,6.5,1,47.5,47.2,25,No,27.8,19,19.57
2025-04-04,H1823,6,2.5,1,14.2,13.5,31,No,19.0,26,17.17
2025-04-05,H1824,4,6.8,1,14.2,11.6,35,Yes,7.0,19,16.78
2025-04-06,H1825,2,4.5,4,47.5,47.4,37,Yes,24.2,29,18.71
2025-04-07,H1826,5,2.2,4,19.0,17.1,28,No,12.9,29,13.89
2025-04-08,H1827,7,5.0,4,47.5,45.5,38,No,20.6,18,24.25
2025-04-09,H1828,1,2.3,4,47.5,45.7,28,No,29.9,35,13.7
2025-04-10,H1829,5,3.7,3,14.2,13.6,30,No,28.8,18,21.06
2025-04-11,H1830,7,1.1,1,47.5,47.5,33,No,25.4,30,14.08
2025-04-12,H1831,1,4.2,2,14.2,12.3,35,Yes,25.7,19,16.15
2025-04-13,H1832,2,5.5,2,19.0,17.5,33,Yes,14.1,24,14.78
2025-04-14,H1833,5,3.0,4,47.5,45.6,28,No,28.2,24,17.47
2025-04-15,H1834,7,5.4,1,19.0,17.8,29,No,12.1,26,21.54
2025-04-16,H1835,7,4.9,4,47.5,46.5,30,No,14.4,18,22.35
2025-04-17,H1836,1,6.2,2,19.0,16.8,37,No,10.5,37,13.3
2025-04-18,H1837,6,3.4,1,14.2,13.8,25,No,23.6,24,19.52
2025-04-19,H1838,4,2.8,2,47.5,46.4,39,Yes,13.9,30,15.2
2025-04-20,H1839,3,4.5,2,47.5,47.0,24,Yes,13.5,37,14.33
2025-04-21,H1840,1,2.7,4,19.0,17.5,25,No,28.3,22,14.76
2025-04-22,H1841,7,4.0,3,14.2,11.3,26,No,17.9,37,22.02
2025-04-23,H1842,4,3.2,1,19.0,16.6,38,No,16.1,30,13.52
2025-04-24,H1843,4,3.9,3,19.0,16.9,29,No,26.6,32,18.29
2025-04-25,H1844,1,1.7,1,14.2,12.9,38,No,26.9,37,8.56
2025-04-26,H1845,4,1.3,4,19.0,18.1,28,Yes,12.3,32,13.77
2025-04-27,H1846,3,2.8,2,19.0,18.5,27,Yes,12.4,34,13.77
2025-04-28,H1847,4,2.4,4,47.5,47.3,34,No,28.5,19,15.33
2025-04-29,H1848,2,3.0,3,19.0,16.3,33,No,11.4,33,11.67
2025-04-30,H1849,1,5.3,3,47.5,45.6,37,No,6.0,23,10.94
2025-05-01,H1850,2,1.8,3,14.2,13.0,31,No,15.7,33,11.77
2025-05-02,H1851,1,1.7,4,19.0,16.3,36,No,24.8,18,11.82
2025-05-03,H1852,2,4.1,1,14.2,11.5,33,Yes,17.2,30,14.64
2025-05-04,H1853,7,1.3,2,47.5,46.7,35,Yes,11.6,35,14.59
2025-05-05,H1854,6,6.7,3,47.5,46.3,24,No,19.7,24,23.9
2025-05-06,H1855,1,3.7,1,47.5,46.2,29,No,6.6,34,8.14
2025-05-07,H1856,5,6.2,4,19.0,16.1,30,No,14.8,35,21.74
2025-05-08,H1857,7,5.8,1,47.5,45.1,26,No,22.0,36,20.95
2025-05-09,H1858,2,6.7,1,47.5,47.5,38,No,18.4,18,17.92
2025-05-10,H1859,5,7.0,1,19.0,16.1,30,Yes,18.3,18,19.35
2025-05-11,H1860,4,6.9,1,19.0,18.8,27,Yes,20.1,23,19.06
2025-05-12,H1861,6,2.8,2,19.0,16.0,35,No,8.3,38,15.93
2025-05-13,H1862,7,3.3,3,47.5,47.4,32,No,24.5,38,19.99
2025-05-14,H1863,3,4.5,3,47.5,46.5,27,No,11.0,31,15.95
2025-05-15,H1864,2,2.6,3,19.0,18.4,30,No,17.8,32,13.64
2025-05-16,H1865,3,5.2,3,19.0,18.6,36,No,11.1,22,16.35
2025-05-17,H1866,6,5.0,4,14.2,13.9,29,Yes,11.6,23,21.69
2025-05-18,H1867,6,1.7,3,14.2,11.3,28,Yes,17.8,18,17.06
2025-05-19,H1868,1,6.3,2,19.0,17.4,29,No,11.7,30,15.54
2025-05-20,H1869,6,1.6,3,19.0,17.8,24,No,23.7,26,18.53
2025-05-21,H1870,4,2.2,2,14.2,11.9,30,No,15.3,24,12.85
2025-05-22,H1871,4,6.9,4,19.0,17.8,32,No,22.9,37,22.91
2025-05-23,H1872,2,1.4,2,47.5,44.5,26,No,10.3,26,8.91
2025-05-24,H1873,6,6.1,2,47.5,46.6,26,Yes,8.3,24,18.09
2025-05-25,H1874,5,2.2,4,47.5,46.8,36,Yes,18.6,18,14.58
2025-05-26,H1875,1,2.6,3,19.0,17.8,33,No,5.2,27,8.01
2025-05-27,H1876,6,6.9,3,19.0,17.7,27,No,11.0,22,23.02
2025-05-28,H1877,3,2.6,4,14.2,12.9,36,No,26.5,28,14.05
2025-05-29,H1878,6,5.1,4,19.0,18.3,24,No,22.5,39,23.66
2025-05-30,H1879,2,3.0,3,19.0,16.4,29,No,12.6,37,13.27
2025-05-31,H1880,4,3.7,4,14.2,11.5,30,Yes,29.7,23,17.91
2025-06-01,H1881,5,4.7,4,19.0,17.6,32,Yes,23.8,30,21.29
2025-06-02,H1882,3,3.8,1,14.2,12.6,37,No,27.2,38,15.73
2025-06-03,H1883,4,4.1,4,19.0,18.9,36,No,17.3,16,19.33
2025-06-04,H1884,7,4.0,1,19.0,18.8,39,No,16.6,21,17.71
2025-06-05,H1885,5,6.2,1,19.0,18.1,37,No,24.4,16,22.58
2025-06-06,H1886,4,1.7,4,19.0,18.9,31,No,19.4,34,13.49
2025-06-07,H1887,2,4.2,3,47.5,45.0,29,Yes,7.0,33,11.67
2025-06-08,H1888,2,2.6,3,47.5,45.4,25,Yes,10.5,30,9.22
2025-06-09,H1889,3,3.9,2,19.0,17.4,32,No,11.7,19,13.99
2025-06-10,H1890,5,1.8,4,47.5,45.6,34,No,12.9,27,12.68
2025-06-11,H1891,7,1.8,1,14.2,13.8,28,No,28.6,16,19.5
2025-06-12,H1892,2,4.0,3,47.5,45.3,36,No,26.5,33,15.85
2025-06-13,H1893,6,2.6,4,14.2,12.4,34,No,5.6,25,16.32
2025-06-14,H1894,5,3.4,2,14.2,11.3,34,Yes,7.3,29,14.75
2025-06-15,H1895,1,4.1,3,14.2,12.2,30,Yes,24.2,25,14.35
2025-06-16,H1896,3,2.3,2,47.5,45.0,35,No,19.8,24,10.83
2025-06-17,H1897,2,3.8,2,19.0,16.2,33,No,11.9,18,12.18
2025-06-18,H1898,1,3.0,4,19.0,17.9,33,No,21.5,35,13.85
2025-06-19,H1899,6,2.8,2,47.5,46.6,37,No,21.7,30,15.5
2025-06-20,H1900,5,1.8,3,14.2,11.5,31,No,29.6,25,15.33
2025-06-21,H1901,6,5.4,2,47.5,46.8,34,Yes,8.4,39,20.09
2025-06-22,H1902,1,4.3,4,19.0,18.0,31,Yes,27.8,35,17.45
2025-06-23,H1903,4,4.1,2,47.5,46.2,32,No,18.2,23,14.56
2025-06-24,H1904,2,5.5,2,47.5,46.9,27,No,9.7,19,12.42
2025-06-25,H1905,7,3.4,1,19.0,18.9,35,No,7.7,28,17.83
2025-06-26,H1906,1,3.1,3,19.0,16.0,36,No,5.7,33,8.43
2025-06-27,H1907,4,4.5,3,14.2,12.1,33,No,10.1,18,15.11
2025-06-28,H1908,2,1.8,1,14.2,11.9,34,Yes,29.1,24,11.77
2025-06-29,H1909,1,1.6,3,19.0,17.2,33,Yes,20.5,16,8.38
2025-06-30,H1910,2,6.0,4,14.2,12.2,27,No,26.3,30,19.06
2025-07-01,H1911,1,2.9,1,19.0,18.9,36,No,19.5,29,11.41
2025-07-02,H1912,7,2.1,2,47.5,45.6,36,No,27.9,15,16.79
2025-07-03,H1913,2,5.6,4,14.2,13.5,31,No,8.7,31,14.75
2025-07-04,H1914,7,1.9,1,19.0,17.9,24,No,23.9,33,18.48
2025-07-05,H1915,5,3.4,2,47.5,47.5,25,Yes,12.4,24,13.4
2025-07-06,H1916,7,2.5,3,47.5,46.7,24,Yes,27.4,19,21.82
2025-07-07,H1917,2,6.4,3,19.0,18.3,27,No,16.3,18,16.42
2025-07-08,H1918,5,2.8,4,19.0,18.8,37,No,7.3,39,15.16
2025-07-09,H1919,2,4.1,1,47.5,47.1,29,No,16.3,27,11.4
2025-07-10,H1920,5,4.3,4,47.5,44.7,28,No,9.1,30,18.09
2025-07-11,H1921,6,2.4,4,19.0,17.0,30,No,5.4,36,13.77
2025-07-12,H1922,1,6.3,3,19.0,18.6,38,Yes,29.8,19,17.74
2025-07-13,H1923,6,3.8,1,47.5,44.5,30,Yes,8.3,33,16.55
2025-07-14,H1924,3,2.3,3,47.5,44.8,39,No,16.2,21,11.56
2025-07-15,H1925,4,2.9,1,19.0,18.7,39,No,28.5,31,17.46
2025-07-16,H1926,2,5.4,1,19.0,17.6,25,No,11.7,39,11.65
2025-07-17,H1927,2,5.3,3,47.5,46.6,33,No,5.7,18,14.4
2025-07-18,H1928,1,1.6,3,19.0,18.3,37,No,29.5,32,12.28
2025-07-19,H1929,6,1.1,2,19.0,16.3,27,Yes,25.5,39,16.77
2025-07-20,H1930,5,2.6,2,19.0,17.0,27,Yes,27.9,26,18.16
2025-07-21,H1931,5,1.8,3,19.0,18.0,33,No,9.1,17,11.32
2025-07-22,H1932,4,5.7,2,14.2,13.1,37,No,7.3,16,18.34
2025-07-23,H1933,6,4.1,3,14.2,13.7,35,No,8.4,37,16.56
2025-07-24,H1934,5,1.9,4,47.5,47.1,35,No,24.7,32,16.21
2025-07-25,H1935,5,3.7,4,14.2,12.4,31,No,9.3,39,17.62
2025-07-26,H1936,6,1.4,2,19.0,17.3,26,Yes,29.9,39,18.14
2025-07-27,H1937,5,3.1,4,14.2,12.4,33,Yes,25.3,18,19.33
2025-07-28,H1938,7,6.5,2,47.5,47.1,31,No,5.7,26,22.38
2025-07-29,H1939,3,3.7,3,47.5,45.3,35,No,20.5,16,14.3
2025-07-30,H1940,1,2.2,4,47.5,44.9,28,No,13.6,22,11.18
2025-07-31,H1941,3,1.1,2,14.2,12.9,26,No,18.0,24,11.45
2025-08-01,H1942,4,5.3,3,14.2,11.6,24,No,10.8,37,16.84
2025-08-02,H1943,4,3.1,2,14.2,12.3,28,Yes,19.5,19,13.98
2025-08-03,H1944,5,1.2,3,47.5,46.2,34,Yes,22.5,35,15.21
2025-08-04,H1945,5,7.0,2,19.0,17.7,24,No,19.1,31,23.4
2025-08-05,H1946,2,3.7,4,19.0,17.2,32,No,17.3,24,12.94
2025-08-06,H1947,6,2.5,2,47.5,45.0,29,No,28.8,21,20.05
2025-08-07,H1948,6,4.3,3,47.5,46.1,31,No,7.5,27,17.38
2025-08-08,H1949,2,5.7,3,47.5,47.3,27,No,15.2,27,18.12
2025-08-09,H1950,2,3.5,2,47.5,46.4,33,Yes,29.6,20,14.61
2025-08-10,H1951,1,5.3,2,19.0,16.1,27,Yes,29.1,17,15.55
2025-08-11,H1952,6,3.9,1,14.2,12.2,38,No,15.3,26,15.22
2025-08-12,H1953,2,1.1,4,14.2,11.2,26,No,18.3,25,11.65
2025-08-13,H1954,6,6.1,4,19.0,18.2,35,No,10.2,23,19.67
2025-08-14,H1955,2,1.6,4,14.2,13.2,25,No,11.7,16,11.06
2025-08-15,H1956,3,3.4,1,19.0,18.5,37,No,23.6,30,12.4
2025-08-16,H1957,3,4.8,2,14.2,13.1,30,Yes,8.4,15,13.68
2025-08-17,H1958,2,1.8,3,19.0,16.7,27,Yes,7.0,31,10.53
2025-08-18,H1959,2,6.6,4,14.2,11.8,25,No,10.0,36,19.37
2025-08-19,H1960,5,2.7,3,47.5,47.0,34,No,8.7,38,16.05
2025-08-20,H1961,7,4.9,1,47.5,44.6,35,No,6.1,37,16.8
2025-08-21,H1962,1,1.1,2,14.2,12.2,28,No,13.5,34,7.32
2025-08-22,H1963,5,5.3,1,19.0,18.8,25,No,8.1,39,17.43
2025-08-23,H1964,6,2.9,3,14.2,12.3,26,Yes,26.5,33,19.7
2025-08-24,H1965,1,1.5,3,14.2,12.6,28,Yes,19.6,21,8.78
2025-08-25,H1966,7,1.7,4,47.5,44.6,38,No,10.2,22,17.2
2025-08-26,H1967,2,5.0,4,19.0,18.7,35,No,12.4,24,17.0
2025-08-27,H1968,6,6.5,2,47.5,46.7,38,No,16.2,22,22.67
2025-08-28,H1969,2,4.7,3,14.2,11.5,38,No,10.8,19,12.95
2025-08-29,H1970,1,5.6,2,47.5,47.1,30,No,15.4,19,12.79
2025-08-30,H1971,3,2.0,2,19.0,17.6,28,Yes,7.6,31,8.04
2025-08-31,H1972,5,6.6,1,14.2,13.1,33,Yes,18.4,34,20.72
2025-09-01,H1973,5,4.0,1,14.2,11.8,37,No,26.2,21,18.26
2025-09-02,H1974,1,3.0,1,47.5,45.3,26,No,11.0,17,9.12
2025-09-03,H1975,2,3.0,4,19.0,16.1,31,No,28.7,30,14.52
2025-09-04,H1976,5,3.7,1,19.0,18.9,39,No,26.9,30,17.94
2025-09-05,H1977,4,2.8,1,19.0,16.1,27,No,12.0,23,12.19
2025-09-06,H1978,3,5.6,2,19.0,18.8,28,Yes,5.5,17,14.66
2025-09-07,H1979,7,3.0,1,19.0,16.2,36,Yes,23.5,29,18.25
2025-09-08,H1980,1,2.2,2,14.2,13.6,38,No,23.1,38,9.48
2025-09-09,H1981,5,1.8,1,14.2,12.6,27,No,7.0,30,9.39
2025-09-10,H1982,7,6.9,1,19.0,18.0,27,No,18.6,32,24.93
2025-09-11,H1983,1,5.0,4,19.0,18.9,29,No,21.8,33,15.07
2025-09-12,H1984,4,1.0,3,14.2,11.7,24,No,24.7,18,14.55
2025-09-13,H1985,3,1.9,3,14.2,12.2,28,Yes,23.9,32,12.41
2025-09-14,H1986,4,1.1,3,19.0,17.1,29,Yes,28.3,37,15.91
2025-09-15,H1987,3,3.8,4,19.0,16.1,31,No,26.9,19,18.91
2025-09-16,H1988,6,4.1,2,14.2,13.0,32,No,28.7,26,20.85
2025-09-17,H1989,5,5.3,4,47.5,46.9,30,No,10.1,24,20.06
2025-09-18,H1990,3,5.0,1,47.5,47.0,35,No,5.4,37,12.47
2025-09-19,H1991,4,1.4,4,47.5,46.3,26,No,19.2,35,12.51
2025-09-20,H1992,1,3.8,1,14.2,14.0,34,Yes,9.0,20,9.61
2025-09-21,H1993,3,6.3,4,14.2,13.6,25,Yes,23.1,31,20.87
2025-09-22,H1994,6,6.8,4,14.2,13.5,39,No,24.7,33,23.9
2025-09-23,H1995,3,1.9,1,47.5,47.2,29,No,24.6,29,10.18
2025-09-24,H1996,6,1.9,1,19.0,16.2,35,No,10.2,22,13.7
2025-09-25,H1997,7,6.4,3,14.2,12.2,26,No,24.2,24,24.27
2025-09-26,H1998,2,2.9,4,14.2,14.0,33,No,27.2,35,14.99
2025-09-27,H1999,3,6.6,1,14.2,11.8,37,Yes,18.0,29,15.96
2025-09-28,H2000,5,5.8,3,47.5,46.3,30,Yes,14.2,28,18.65
2025-09-29,H2001,6,6.9,2,19.0,17.9,32,No,19.5,19,23.27
2025-09-30,H2002,7,3.3,2,47.5,45.0,39,No,13.9,22,19.2
2025-10-01,H2003,7,5.0,3,47.5,47.2,33,No,23.2,23,23.97
2025-10-02,H2004,2,2.0,1,47.5,45.1,27,No,7.3,39,7.52
2025-10-03,H2005,7,2.7,3,14.2,14.1,38,No,14.7,33,18.27
2025-10-04,H2006,5,5.0,2,47.5,46.9,33,Yes,16.8,36,17.09
2025-10-05,H2007,1,3.8,4,19.0,17.5,29,Yes,26.6,22,17.02
2025-10-06,H2008,3,3.1,1,19.0,17.0,36,No,18.7,16,14.64
2025-10-07,H2009,5,4.7,1,19.0,16.5,35,No,18.5,27,17.8
2025-10-08,H2010,3,1.4,4,19.0,18.4,31,No,8.5,31,10.33
2025-10-09,H2011,1,1.5,1,47.5,47.1,26,No,29.1,29,9.35
2025-10-10,H2012,4,5.2,3,19.0,17.9,30,No,22.6,16,18.77
2025-10-11,H2013,3,5.2,3,19.0,17.5,24,Yes,9.1,22,15.39
2025-10-12,H2014,3,1.1,2,47.5,45.9,35,Yes,26.2,15,12.19
2025-10-13,H2015,4,5.4,1,47.5,46.7,35,No,9.9,27,15.99
2025-10-14,H2016,5,1.5,2,14.2,12.3,32,No,14.0,34,12.09
2025-10-15,H2017,6,3.7,1,47.5,44.6,26,No,22.1,24,16.18
2025-10-16,H2018,1,6.9,2,47.5,45.9,30,No,15.5,28,17.23
2025-10-17,H2019,1,2.1,4,14.2,11.5,35,No,11.2,27,10.48
2025-10-18,H2020,6,5.9,4,14.2,11.7,30,Yes,11.8,25,22.4
2025-10-19,H2021,2,5.3,3,47.5,47.0,30,Yes,5.9,37,15.03
2025-10-20,H2022,6,6.8,4,14.2,11.3,25,No,28.6,37,25.16
2025-10-21,H2023,1,3.8,1,19.0,17.4,38,No,16.4,29,9.64
2025-10-22,H2024,7,1.4,2,47.5,45.5,32,No,9.8,30,14.77
2025-10-23,H2025,1,1.2,1,14.2,12.5,28,No,29.2,25,8.06
2025-10-24,H2026,5,4.2,1,14.2,12.3,38,No,16.5,20,16.43
2025-10-25,H2027,6,5.5,1,14.2,11.7,29,Yes,7.2,31,18.6
2025-10-26,H2028,1,5.2,2,14.2,12.9,37,Yes,17.5,30,13.87
2025-10-27,H2029,4,6.1,1,47.5,45.9,37,No,10.1,34,18.61
2025-10-28,H2030,3,4.1,4,14.2,13.3,28,No,12.5,18,13.64
2025-10-29,H2031,4,2.2,3,14.2,13.0,32,No,12.8,30,12.6
2025-10-30,H2032,1,5.4,3,14.2,12.7,33,No,27.2,34,15.37
2025-10-31,H2033,6,4.5,1,19.0,18.5,25,No,14.7,39,16.76
2025-11-01,H2034,2,2.1,3,19.0,16.2,31,Yes,17.3,35,12.51
2025-11-02,H2035,3,5.0,3,47.5,47.2,34,Yes,26.9,36,17.96
2025-11-03,H2036,3,4.9,2,47.5,45.7,25,No,30.0,36,18.49
2025-11-04,H2037,7,2.7,4,19.0,16.5,30,No,7.4,36,16.41
2025-11-05,H2038,6,4.6,2,19.0,17.2,26,No,10.8,34,17.25
2025-11-06,H2039,4,5.1,2,14.2,11.4,33,No,17.2,32,18.9
2025-11-07,H2040,3,1.4,3,14.2,11.4,38,No,21.4,24,12.18
2025-11-08,H2041,6,6.8,2,19.0,17.1,27,Yes,17.9,22,22.74
2025-11-09,H2042,4,1.8,3,47.5,45.6,28,Yes,20.6,33,15.9
2025-11-10,H2043,2,4.0,3,19.0,17.7,24,No,11.9,27,12.38
2025-11-11,H2044,6,2.4,1,47.5,44.6,28,No,27.3,37,15.16
2025-11-12,H2045,7,4.1,1,19.0,18.4,24,No,29.6,38,19.31
2025-11-13,H2046,4,5.0,4,14.2,11.9,32,No,12.0,33,18.63
2025-11-14,H2047,7,2.2,1,47.5,45.0,30,No,7.3,27,14.95
2025-11-15,H2048,7,6.9,3,14.2,12.0,27,Yes,10.3,16,25.05
2025-11-16,H2049,7,1.4,1,19.0,16.8,35,Yes,25.9,20,15.92
2025-11-17,H2050,5,4.3,2,47.5,47.2,29,No,5.2,21,16.79
2025-11-18,H2051,3,5.0,1,47.5,47.3,25,No,20.2,20,17.16
2025-11-19,H2052,5,3.0,2,47.5,46.0,32,No,22.4,15,16.59
2025-11-20,H2053,2,5.5,3,14.2,13.2,36,No,17.1,15,14.5
2025-11-21,H2054,2,1.2,3,19.0,17.9,30,No,5.0,18,9.42
2025-11-22,H2055,5,4.6,1,14.2,13.6,30,Yes,21.9,18,17.5
2025-11-23,H2056,4,1.7,2,47.5,46.3,32,Yes,23.7,21,11.71
2025-11-24,H2057,6,2.0,1,14.2,14.0,39,No,25.6,38,15.2
2025-11-25,H2058,4,6.6,3,47.5,44.9,24,No,27.8,36,21.01
2025-11-26,H2059,2,3.6,1,14.2,12.8,24,No,12.2,27,12.2
2025-11-27,H2060,6,2.8,3,19.0,17.2,24,No,23.7,30,20.18
2025-11-28,H2061,4,2.5,1,14.2,11.5,31,No,18.3,39,14.79
2025-11-29,H2062,3,4.1,2,14.2,13.8,34,Yes,25.5,18,18.2
2025-11-30,H2063,3,2.2,3,14.2,11.9,36,Yes,6.4,15,8.99
2025-12-01,H2064,6,5.0,1,14.2,13.1,33,No,10.0,38,15.95
2025-12-02,H2065,5,4.9,3,19.0,17.4,35,No,29.3,26,19.89
2025-12-03,H2066,4,4.3,3,47.5,46.2,27,No,8.5,15,17.07
2025-12-04,H2067,1,4.8,4,47.5,46.1,38,No,19.7,23,15.17
2025-12-05,H2068,2,5.5,3,47.5,45.7,29,No,27.4,25,18.17
2025-12-06,H2069,4,5.3,2,19.0,16.9,25,Yes,15.8,29,18.97
2025-12-07,H2070,4,3.5,2,19.0,18.3,25,Yes,18.0,21,14.53
2025-12-08,H2071,2,5.4,1,14.2,12.5,24,No,25.2,35,17.33
2025-12-09,H2072,7,2.8,4,19.0,18.0,29,No,14.9,15,17.3
2025-12-10,H2073,1,4.9,4,47.5,46.8,31,No,25.8,37,18.34
2025-12-11,H2074,5,2.5,2,19.0,18.9,29,No,21.4,31,16.64
2025-12-12,H2075,3,2.9,1,47.5,45.9,29,No,14.3,25,10.44
2025-12-13,H2076,2,5.7,2,19.0,17.8,33,Yes,25.1,24,18.53
2025-12-14,H2077,3,3.2,1,19.0,16.6,25,Yes,12.6,38,12.7
2025-12-15,H2078,4,2.4,2,47.5,46.1,24,No,25.0,34,15.18
2025-12-16,H2079,4,2.4,1,47.5,47.2,32,No,16.0,32,13.69
2025-12-17,H2080,3,1.1,2,19.0,18.7,37,No,11.1,30,8.23
2025-12-18,H2081,1,6.3,3,19.0,16.5,28,No,5.9,36,13.58
2025-12-19,H2082,5,4.3,2,14.2,11.8,27,No,5.1,25,16.8
2025-12-20,H2083,4,5.0,1,47.5,44.7,25,Yes,27.2,38,20.29
2025-12-21,H2084,1,5.6,1,14.2,12.5,32,Yes,26.3,24,17.64
2025-12-22,H2085,5,3.6,3,19.0,16.0,32,No,23.1,36,18.49
2025-12-23,H2086,7,1.5,3,47.5,44.6,34,No,25.9,37,19.89
2025-12-24,H2087,1,2.7,1,19.0,17.2,35,No,9.1,16,9.04
2025-12-25,H2088,5,4.4,4,47.5,46.8,38,No,11.6,18,16.57
2025-12-26,H2089,4,5.8,4,19.0,18.5,39,No,25.2,20,22.69
2025-12-27,H2090,5,2.9,2,14.2,14.0,25,Yes,15.7,35,15.1
2025-12-28,H2091,4,2.6,4,14.2,11.6,32,Yes,28.5,28,19.0
2025-12-29,H2092,2,3.5,2,14.2,13.3,24,No,7.7,19,10.66
2025-12-30,H2093,1,2.5,3,47.5,46.6,34,No,8.7,16,7.32
2025-12-31,H2094,3,4.8,4,47.5,46.1,34,No,24.7,31,19.9
2025-01-01,H2095,2,5.9,1,47.5,46.6,28,No,7.5,31,14.22
2025-01-02,H2096,1,4.1,1,14.2,13.5,29,No,28.4,17,14.67
2025-01-03,H2097,7,5.8,2,47.5,44.6,37,No,23.7,32,24.68
2025-01-04,H2098,2,4.1,4,19.0,17.0,28,Yes,12.2,32,12.55
2025-01-05,H2099,5,2.9,2,47.5,44.8,25,Yes,14.8,20,15.39
2025-01-06,H2100,5,2.7,4,14.2,11.5,32,No,23.0,16,16.19
2025-01-07,H2101,1,3.0,3,14.2,13.0,27,No,17.7,20,9.93
2025-01-08,H2102,2,3.6,3,19.0,16.3,36,No,20.1,20,13.53
2025-01-09,H2103,3,5.4,1,47.5,44.8,39,No,14.3,38,17.0
2025-01-10,H2104,3,5.9,2,47.5,45.9,30,No,22.9,39,17.35
2025-01-11,H2105,1,6.7,3,19.0,17.7,38,Yes,20.5,36,17.06
2025-01-12,H2106,3,3.6,2,19.0,18.5,29,Yes,24.2,19,16.51
2025-01-13,H2107,1,1.5,4,14.2,12.8,33,No,5.1,28,6.5
2025-01-14,H2108,5,6.1,3,47.5,46.0,36,No,17.8,32,22.45
2025-01-15,H2109,6,4.0,2,19.0,18.7,31,No,5.1,32,15.51
2025-01-16,H2110,7,5.1,4,47.5,47.4,38,No,24.1,26,22.28
2025-01-17,H2111,1,2.6,2,19.0,16.4,37,No,27.6,26,14.13
2025-01-18,H2112,3,6.6,1,14.2,13.3,34,Yes,23.9,18,20.72
2025-01-19,H2113,6,3.5,4,19.0,16.4,34,Yes,10.3,34,19.22
2025-01-20,H2114,3,1.2,1,19.0,17.9,32,No,22.5,20,11.32
2025-01-21,H2115,7,3.6,3,19.0,18.8,24,No,16.9,35,19.11
2025-01-22,H2116,6,2.9,2,19.0,17.2,37,No,21.8,34,15.8
2025-01-23,H2117,1,5.6,2,19.0,18.6,37,No,27.1,30,17.78
2025-01-24,H2118,1,3.8,4,47.5,47.2,36,No,25.5,30,15.77
2025-01-25,H2119,3,5.1,3,14.2,13.1,24,Yes,18.3,15,19.19
2025-01-26,H2120,4,4.9,3,14.2,12.9,30,Yes,26.1,15,21.17
2025-01-27,H2121,7,3.8,4,19.0,18.8,39,No,6.5,38,20.0
2025-01-28,H2122,4,3.6,3,19.0,17.9,27,No,24.3,39,18.15
2025-01-29,H2123,6,4.2,4,47.5,46.4,32,No,26.1,37,23.43
2025-01-30,H2124,5,3.8,4,19.0,17.9,36,No,28.7,29,20.04
2025-01-31,H2125,3,1.5,2,19.0,16.3,38,No,21.7,17,12.61
2025-02-01,H2126,7,4.7,3,47.5,45.5,34,Yes,25.8,21,23.77
2025-02-02,H2127,5,3.1,3,19.0,19.0,35,Yes,21.9,19,16.43
2025-02-03,H2128,2,2.0,2,47.5,46.9,30,No,5.5,30,7.07
2025-02-04,H2129,4,1.4,4,14.2,12.0,29,No,23.5,32,16.64
2025-02-05,H2130,1,5.2,3,19.0,17.5,34,No,23.3,18,15.59
2025-02-06,H2131,4,1.1,1,14.2,13.3,27,No,20.9,27,11.21
2025-02-07,H2132,4,6.5,2,19.0,17.7,28,No,26.6,39,22.61
2025-02-08,H2133,1,4.0,1,19.0,18.5,37,Yes,7.0,17,10.32
2025-02-09,H2134,1,5.8,1,19.0,17.5,31,Yes,25.7,23,17.56
2025-02-10,H2135,7,2.6,2,14.2,13.8,24,No,16.4,28,18.78
2025-02-11,H2136,2,3.8,3,19.0,17.4,35,No,15.9,38,13.48
2025-02-12,H2137,7,1.2,2,47.5,46.8,33,No,9.6,31,11.77
2025-02-13,H2138,7,4.7,3,14.2,13.5,36,No,9.6,15,20.0
2025-02-14,H2139,1,1.1,4,47.5,45.2,38,No,16.5,16,9.94
2025-02-15,H2140,5,4.9,3,47.5,46.7,33,Yes,7.1,23,18.86
2025-02-16,H2141,4,3.7,3,19.0,17.9,38,Yes,13.0,32,15.97
2025-02-17,H2142,7,6.3,4,19.0,18.0,37,No,29.0,24,25.61
2025-02-18,H2143,7,1.4,2,14.2,12.2,33,No,27.0,21,18.4
2025-02-19,H2144,5,6.5,2,14.2,12.1,28,No,17.9,38,20.17
2025-02-20,H2145,7,1.4,2,47.5,45.4,30,No,27.7,22,17.78
2025-02-21,H2146,3,3.5,2,19.0,16.7,29,No,12.0,32,14.63
2025-02-22,H2147,7,6.5,4,47.5,45.5,30,Yes,24.1,36,27.12
2025-02-23,H2148,1,2.2,3,19.0,17.0,36,Yes,24.4,17,10.31
2025-02-24,H2149,7,2.6,4,47.5,45.6,38,No,23.8,20,20.28
2025-02-25,H2150,5,4.7,4,19.0,17.0,35,No,29.1,36,23.35
2025-02-26,H2151,7,5.9,3,14.2,13.2,29,No,12.9,19,23.18
2025-02-27,H2152,6,3.5,4,14.2,12.7,26,No,22.8,35,21.65
2025-02-28,H2153,6,5.5,2,19.0,18.3,36,No,25.4,33,21.64
2025-03-01,H2154,3,3.1,4,47.5,46.1,35,Yes,21.3,32,14.55
2025-03-02,H2155,2,2.9,4,14.2,13.0,36,Yes,12.9,18,11.44
2025-03-03,H2156,7,3.8,2,19.0,17.9,24,No,11.4,22,18.22
2025-03-04,H2157,1,5.5,1,19.0,18.5,30,No,27.2,18,14.21
2025-03-05,H2158,3,3.8,2,47.5,44.7,31,No,20.9,21,15.15
2025-03-06,H2159,6,6.5,3,19.0,18.4,30,No,16.0,33,22.08
2025-03-07,H2160,2,6.7,2,14.2,13.7,39,No,6.8,20,14.0
2025-03-08,H2161,4,1.6,1,14.2,12.1,27,Yes,5.3,29,10.84
2025-03-09,H2162,6,3.6,4,47.5,46.6,29,Yes,11.4,23,18.27
2025-03-10,H2163,1,6.7,2,47.5,45.8,24,No,16.1,24,16.25
2025-03-11,H2164,7,3.2,1,14.2,12.4,30,No,9.1,39,15.56
2025-03-12,H2165,6,6.4,3,47.5,45.7,31,No,12.1,20,19.84
2025-03-13,H2166,7,6.2,2,14.2,13.7,27,No,26.3,15,25.89
2025-03-14,H2167,6,6.4,2,19.0,17.8,24,No,6.3,29,21.59
2025-03-15,H2168,5,3.7,3,47.5,46.5,24,Yes,21.7,27,17.6
2025-03-16,H2169,7,1.5,3,14.2,14.1,27,Yes,17.1,29,18.05
2025-03-17,H2170,2,6.8,2,47.5,47.1,33,No,15.8,32,18.0
2025-03-18,H2171,5,1.6,1,19.0,16.0,24,No,19.3,27,11.62
2025-03-19,H2172,1,4.2,1,14.2,12.7,24,No,28.2,31,15.73
2025-03-20,H2173,1,3.0,4,14.2,14.0,32,No,6.6,15,8.86
2025-03-21,H2174,2,6.4,3,14.2,12.7,36,No,29.2,23,18.76
2025-03-22,H2175,4,2.8,1,19.0,16.3,35,Yes,6.8,32,12.49
2025-03-23,H2176,1,3.9,1,14.2,14.1,37,Yes,16.0,15,10.26
2025-03-24,H2177,7,1.0,4,47.5,44.5,29,No,20.2,16,16.91
2025-03-25,H2178,1,2.5,1,14.2,12.4,35,No,22.6,33,9.05
2025-03-26,H2179,2,5.0,3,19.0,18.4,37,No,19.4,23,14.93
2025-03-27,H2180,3,4.1,2,47.5,44.5,39,No,6.2,34,13.21
2025-03-28,H2181,7,1.9,4,19.0,17.8,29,No,13.7,31,17.24
2025-03-29,H2182,6,1.7,2,47.5,46.1,34,Yes,24.4,19,16.81
2025-03-30,H2183,3,4.0,4,47.5,44.5,32,Yes,24.0,31,19.38
2025-03-31,H2184,6,5.2,3,19.0,16.9,24,No,21.4,25,23.08
2025-04-01,H2185,1,5.4,1,19.0,17.5,36,No,17.9,30,15.28
2025-04-02,H2186,2,4.1,4,19.0,18.7,33,No,12.5,31,12.56
2025-04-03,H2187,3,3.2,1,19.0,17.2,32,No,22.1,36,12.32
2025-04-04,H2188,2,6.0,2,14.2,12.1,34,No,12.1,28,17.32
2025-04-05,H2189,1,3.1,3,19.0,17.1,36,Yes,9.6,28,10.32
2025-04-06,H2190,4,5.4,4,47.5,47.0,34,Yes,5.5,25,16.2
2025-04-07,H2191,2,4.8,4,14.2,12.5,29,No,17.6,25,15.19
2025-04-08,H2192,4,4.0,4,19.0,18.5,24,No,7.2,18,15.23
2025-04-09,H2193,4,4.1,3,14.2,12.7,25,No,26.6,17,17.4
2025-04-10,H2194,4,1.7,4,47.5,46.9,28,No,9.7,35,11.08
2025-04-11,H2195,5,3.2,1,47.5,45.3,33,No,21.6,38,16.73
2025-04-12,H2196,1,3.8,1,47.5,46.2,34,Yes,5.6,17,8.9
2025-04-13,H2197,3,2.4,1,14.2,14.1,36,Yes,21.0,18,12.0
2025-04-14,H2198,2,4.9,2,14.2,11.9,30,No,18.9,37,13.8
2025-04-15,H2199,5,1.7,1,19.0,16.3,33,No,11.7,38,11.68
2025-04-16,H2200,5,7.0,4,19.0,16.0,27,No,10.6,33,23.81
2025-04-17,H2201,6,3.2,1,19.0,18.9,35,No,14.3,27,17.13
2025-04-18,H2202,4,4.9,2,47.5,45.4,24,No,25.4,20,18.06
2025-04-19,H2203,7,4.1,2,19.0,16.9,27,Yes,21.7,24,20.67
2025-04-20,H2204,5,3.7,2,14.2,14.0,24,Yes,16.0,37,17.22
2025-04-21,H2205,5,5.1,1,19.0,16.6,31,No,20.0,21,16.89
2025-04-22,H2206,6,5.2,3,47.5,45.8,25,No,10.3,35,17.75
2025-04-23,H2207,5,6.2,1,19.0,17.0,27,No,17.7,19,18.14
2025-04-24,H2208,5,5.8,2,47.5,44.7,27,No,11.3,15,20.28
2025-04-25,H2209,4,2.3,1,47.5,47.4,38,No,24.2,32,15.17
2025-04-26,H2210,4,4.3,1,47.5,45.1,26,Yes,13.1,23,15.3
2025-04-27,H2211,2,3.1,3,19.0,16.8,25,Yes,18.7,27,12.9
2025-04-28,H2212,7,3.3,1,14.2,13.5,34,No,16.4,35,18.59
2025-04-29,H2213,4,6.0,1,19.0,17.8,32,No,26.9,33,20.34
2025-04-30,H2214,2,5.5,1,47.5,47.4,35,No,11.0,18,14.97
2025-05-01,H2215,3,1.6,2,19.0,17.8,27,No,26.4,31,13.4
2025-05-02,H2216,5,5.1,3,19.0,17.5,29,No,19.3,38,18.02
2025-05-03,H2217,5,1.7,1,19.0,18.1,36,Yes,27.4,38,16.16
2025-05-04,H2218,1,5.9,2,47.5,47.2,27,Yes,18.6,28,16.2
2025-05-05,H2219,6,2.3,4,47.5,45.4,39,No,20.8,15,18.7
2025-05-06,H2220,5,5.3,1,19.0,18.6,24,No,17.2,27,17.86
2025-05-07,H2221,2,5.9,1,19.0,18.8,29,No,28.6,19,18.67
2025-05-08,H2222,2,7.0,1,19.0,16.0,36,No,14.4,39,17.52
2025-05-09,H2223,7,5.0,2,14.2,11.8,38,No,27.6,32,24.38
2025-05-10,H2224,7,2.1,4,47.5,44.9,32,Yes,10.3,25,15.99
2025-05-11,H2225,1,6.0,2,14.2,13.5,27,Yes,21.0,26,16.98
2025-05-12,H2226,3,3.6,4,47.5,45.5,35,No,8.9,17,13.37
2025-05-13,H2227,6,4.9,4,19.0,18.6,25,No,27.5,21,23.56
2025-05-14,H2228,5,4.6,2,14.2,11.5,28,No,21.7,37,20.53
2025-05-15,H2229,2,4.7,3,19.0,17.3,33,No,16.3,30,13.3
2025-05-16,H2230,7,2.6,1,14.2,11.9,24,No,17.9,18,16.61
2025-05-17,H2231,4,4.6,4,19.0,18.9,34,Yes,6.8,27,17.51
2025-05-18,H2232,1,5.5,4,47.5,47.2,38,Yes,16.9,21,16.93
2025-05-19,H2233,7,5.7,1,19.0,18.1,29,No,11.9,30,21.04
2025-05-20,H2234,2,6.2,3,47.5,45.2,39,No,19.0,28,19.8
2025-05-21,H2235,2,4.1,2,19.0,16.2,24,No,29.1,27,15.04
2025-05-22,H2236,3,2.0,4,19.0,17.2,31,No,23.5,21,13.59
2025-05-23,H2237,3,2.9,2,47.5,45.3,36,No,6.8,39,9.48
2025-05-24,H2238,3,4.6,3,47.5,47.1,34,Yes,15.4,30,15.36
2025-05-25,H2239,4,5.3,1,14.2,11.9,34,Yes,19.0,22,15.55
2025-05-26,H2240,4,3.0,2,19.0,16.7,26,No,5.4,23,10.11
2025-05-27,H2241,6,3.6,2,14.2,12.9,39,No,6.4,37,14.37
2025-05-28,H2242,2,1.9,1,14.2,11.2,25,No,15.2,15,7.11
2025-05-29,H2243,6,4.4,2,47.5,47.1,39,No,15.5,31,20.23
2025-05-30,H2244,3,5.8,2,47.5,47.1,31,No,14.6,16,15.17
2025-05-31,H2245,6,4.4,2,19.0,18.4,35,Yes,19.5,38,19.72
2025-06-01,H2246,5,1.8,3,14.2,13.3,39,Yes,14.4,16,12.67
2025-06-02,H2247,4,1.1,2,19.0,17.0,32,No,16.1,18,9.78
2025-06-03,H2248,4,4.1,2,14.2,12.0,29,No,29.0,32,19.92
2025-06-04,H2249,4,1.1,4,47.5,47.2,30,No,28.4,39,17.26
2025-06-05,H2250,2,2.7,3,19.0,16.5,36,No,23.0,36,14.29
2025-06-06,H2251,1,2.8,1,14.2,13.2,30,No,23.7,19,12.15
2025-06-07,H2252,3,3.6,2,47.5,46.1,31,Yes,12.2,26,11.09
2025-06-08,H2253,7,3.9,3,14.2,11.6,36,Yes,5.6,15,17.34
2025-06-09,H2254,5,2.3,4,19.0,17.2,34,No,23.2,17,15.88
2025-06-10,H2255,6,2.0,4,47.5,46.9,24,No,5.9,38,14.4
2025-06-11,H2256,2,2.9,4,14.2,13.1,38,No,23.0,32,13.58
2025-06-12,H2257,3,2.4,3,14.2,14.0,35,No,17.0,39,11.92
2025-06-13,H2258,5,4.5,2,19.0,16.2,36,No,6.8,32,15.23
2025-06-14,H2259,7,5.3,2,19.0,17.6,37,Yes,28.2,25,22.93
2025-06-15,H2260,1,3.4,4,19.0,18.4,25,Yes,25.3,36,16.07
2025-06-16,H2261,7,5.0,3,47.5,45.7,37,No,26.0,28,23.14
2025-06-17,H2262,3,3.6,3,47.5,47.1,31,No,25.5,33,17.97
2025-06-18,H2263,2,1.7,4,19.0,18.6,33,No,22.4,29,13.98
2025-06-19,H2264,3,4.0,2,47.5,45.8,30,No,10.8,23,14.89
2025-06-20,H2265,7,1.3,4,14.2,14.2,31,No,20.7,20,17.19
2025-06-21,H2266,4,2.2,2,19.0,16.0,32,Yes,5.2,22,11.85
2025-06-22,H2267,7,6.6,3,47.5,45.7,38,Yes,18.6,32,24.16
2025-06-23,H2268,6,4.9,4,47.5,46.3,33,No,16.4,31,21.08
2025-06-24,H2269,3,1.6,2,19.0,16.8,38,No,14.9,29,10.51
2025-06-25,H2270,6,1.9,1,19.0,18.2,26,No,16.0,36,13.98
2025-06-26,H2271,7,5.2,1,47.5,46.3,28,No,27.1,24,21.72
2025-06-27,H2272,3,2.6,1,47.5,46.1,24,No,29.8,38,13.43
2025-06-28,H2273,7,3.4,3,19.0,16.6,31,Yes,15.3,17,18.69
2025-06-29,H2274,7,1.0,4,47.5,45.2,33,Yes,8.0,25,15.27
2025-06-30,H2275,6,4.9,4,14.2,11.3,29,No,7.0,33,18.41
2025-07-01,H2276,3,6.1,3,47.5,45.6,31,No,9.2,28,17.9
2025-07-02,H2277,7,4.6,4,14.2,14.1,24,No,8.0,27,20.44
2025-07-03,H2278,6,6.3,4,14.2,13.1,33,No,21.2,23,22.75
2025-07-04,H2279,1,6.4,1,47.5,45.6,37,No,24.7,33,15.66
2025-07-05,H2280,4,2.0,2,47.5,45.7,31,Yes,24.6,20,14.44
2025-07-06,H2281,2,6.3,3,19.0,18.5,33,Yes,24.1,18,18.33
2025-07-07,H2282,4,6.9,4,14.2,12.4,28,No,5.7,33,21.07
2025-07-08,H2283,3,1.5,1,47.5,47.0,34,No,5.9,21,6.44
2025-07-09,H2284,1,3.5,1,14.2,12.0,38,No,25.1,19,11.11
2025-07-10,H2285,3,3.7,4,19.0,17.7,33,No,13.1,17,14.16
2025-07-11,H2286,5,1.8,2,14.2,13.5,35,No,20.2,32,12.81
2025-07-12,H2287,2,4.8,3,47.5,46.1,32,Yes,22.6,39,17.4
2025-07-13,H2288,2,3.1,1,47.5,44.7,32,Yes,15.1,34,11.9
2025-07-14,H2289,5,1.6,3,14.2,14.1,32,No,21.8,31,15.71
2025-07-15,H2290,3,4.1,4,19.0,16.7,25,No,25.1,36,17.8
2025-07-16,H2291,5,2.2,3,14.2,11.7,27,No,19.7,23,14.56
2025-07-17,H2292,6,2.3,4,47.5,46.8,31,No,25.5,25,18.36
2025-07-18,H2293,2,3.3,1,19.0,18.7,38,No,26.3,17,12.5
2025-07-19,H2294,7,5.9,3,14.2,11.3,24,Yes,16.4,32,24.48
2025-07-20,H2295,3,3.7,2,14.2,11.8,38,Yes,5.8,22,12.75
2025-07-21,H2296,6,1.8,1,19.0,16.9,38,No,22.3,27,16.26
2025-07-22,H2297,3,3.0,4,14.2,12.3,29,No,18.8,37,13.55
2025-07-23,H2298,4,6.7,3,19.0,16.2,31,No,5.4,21,17.66
2025-07-24,H2299,1,2.3,3,19.0,17.7,25,No,22.9,16,12.37
2025-07-25,H2300,7,2.7,2,19.0,17.2,38,No,18.3,24,17.65
2025-07-26,H2301,7,3.2,4,19.0,18.4,27,Yes,27.3,18,22.5
2025-07-27,H2302,1,3.5,2,14.2,14.0,27,Yes,11.0,27,10.02
2025-07-28,H2303,6,4.4,2,14.2,12.6,36,No,27.8,24,19.72
2025-07-29,H2304,6,1.7,4,47.5,45.1,33,No,24.1,39,15.96
2025-07-30,H2305,4,6.5,2,19.0,18.4,33,No,9.9,35,18.87
2025-07-31,H2306,2,2.8,3,47.5,47.4,37,No,15.2,33,13.0
2025-08-01,H2307,1,2.5,4,47.5,45.7,39,No,12.2,35,11.31
2025-08-02,H2308,7,4.9,1,14.2,13.2,37,Yes,8.2,39,19.66
2025-08-03,H2309,3,4.1,4,14.2,12.4,28,Yes,16.9,34,17.06
2025-08-04,H2310,5,2.9,1,14.2,11.3,29,No,15.1,30,12.65
2025-08-05,H2311,2,3.4,2,14.2,13.1,24,No,22.7,20,12.85
2025-08-06,H2312,3,2.9,1,47.5,46.8,25,No,25.6,22,15.45
2025-08-07,H2313,3,2.1,2,19.0,16.4,29,No,15.1,30,11.66
2025-08-08,H2314,3,1.8,3,47.5,45.3,24,No,14.4,21,9.66
2025-08-09,H2315,7,5.1,3,47.5,44.5,24,Yes,25.4,32,22.33
2025-08-10,H2316,3,2.8,4,14.2,11.5,24,Yes,10.9,33,11.72
2025-08-11,H2317,1,6.2,4,19.0,18.5,26,No,10.6,24,14.98
2025-08-12,H2318,1,4.1,1,47.5,44.7,33,No,13.3,20,10.39
2025-08-13,H2319,5,1.7,2,14.2,13.1,39,No,23.9,27,14.09
2025-08-14,H2320,3,5.1,3,14.2,13.0,25,No,7.8,24,15.87
2025-08-15,H2321,6,3.6,1,19.0,18.8,25,No,26.9,34,20.7
2025-08-16,H2322,5,6.4,4,47.5,46.4,27,Yes,7.7,33,19.59
2025-08-17,H2323,4,5.4,1,19.0,16.4,29,Yes,9.1,27,17.11
2025-08-18,H2324,1,2.0,1,19.0,17.9,34,No,24.0,20,7.82
2025-08-19,H2325,5,4.2,1,19.0,17.2,37,No,16.1,35,17.13
2025-08-20,H2326,5,1.6,2,47.5,47.0,24,No,13.2,38,10.74
2025-08-21,H2327,5,3.7,3,14.2,12.2,28,No,21.7,17,19.94
2025-08-22,H2328,4,5.7,4,19.0,16.1,25,No,10.1,18,18.22
2025-08-23,H2329,2,1.6,1,19.0,16.1,32,Yes,13.2,35,6.58
2025-08-24,H2330,7,3.9,4,47.5,47.4,35,Yes,13.0,24,20.68
2025-08-25,H2331,4,3.9,1,47.5,45.4,29,No,25.4,25,14.81
2025-08-26,H2332,2,6.3,4,14.2,12.0,26,No,5.8,31,15.8
2025-08-27,H2333,1,2.1,4,14.2,11.3,39,No,23.1,20,12.52
2025-08-28,H2334,3,1.8,1,19.0,18.9,36,No,27.4,35,14.46
2025-08-29,H2335,2,5.7,4,19.0,18.4,36,No,25.9,17,21.15
2025-08-30,H2336,6,1.2,1,47.5,47.4,33,Yes,11.5,36,10.96
2025-08-31,H2337,4,4.5,2,19.0,18.5,26,Yes,24.0,33,17.98
2025-09-01,H2338,2,6.9,2,47.5,47.4,25,No,28.6,37,19.6
2025-09-02,H2339,1,5.5,4,19.0,18.8,27,No,8.3,38,13.13
2025-09-03,H2340,6,5.3,1,47.5,45.0,39,No,22.6,35,21.93
2025-09-04,H2341,7,1.7,2,19.0,17.1,37,No,8.2,24,15.33
2025-09-05,H2342,7,2.7,4,19.0,17.5,25,No,20.2,25,18.34
2025-09-06,H2343,5,2.1,3,19.0,19.0,24,Yes,23.8,29,17.23
2025-09-07,H2344,7,1.6,1,14.2,11.7,34,Yes,25.9,24,16.97
2025-09-08,H2345,4,6.0,3,19.0,18.2,28,No,16.8,39,21.56
2025-09-09,H2346,1,3.2,4,19.0,17.6,28,No,22.6,20,15.59
2025-09-10,H2347,1,4.7,2,14.2,14.0,36,No,15.9,39,14.0
2025-09-11,H2348,3,3.8,2,14.2,13.7,34,No,17.5,21,14.09
2025-09-12,H2349,2,2.9,4,19.0,17.0,35,No,25.7,36,16.99
2025-09-13,H2350,5,4.6,3,47.5,44.6,36,Yes,7.2,33,17.73
2025-09-14,H2351,3,5.7,3,19.0,17.3,31,Yes,16.2,38,19.02
2025-09-15,H2352,5,4.0,2,47.5,45.0,36,No,18.5,21,18.63
2025-09-16,H2353,6,1.0,1,19.0,18.8,35,No,14.5,15,11.78
2025-09-17,H2354,4,3.1,3,47.5,45.2,33,No,6.2,22,13.37
2025-09-18,H2355,1,1.9,1,19.0,17.6,35,No,10.7,29,6.67
2025-09-19,H2356,2,2.9,3,14.2,12.1,36,No,12.7,15,9.81
2025-09-20,H2357,6,4.5,4,47.5,46.7,39,Yes,29.0,28,21.72
2025-09-21,H2358,4,1.1,3,19.0,17.0,38,Yes,11.8,35,9.42
2025-09-22,H2359,4,3.5,1,19.0,17.2,24,No,19.1,22,13.91
2025-09-23,H2360,1,5.7,3,14.2,11.5,24,No,22.4,37,18.3
2025-09-24,H2361,7,4.9,3,47.5,45.0,39,No,13.2,37,21.53
2025-09-25,H2362,1,4.2,2,47.5,44.5,37,No,7.5,29,9.78
2025-09-26,H2363,6,1.6,4,47.5,46.7,35,No,6.3,22,14.95
2025-09-27,H2364,6,1.5,1,14.2,11.9,30,Yes,28.9,36,15.99
2025-09-28,H2365,4,6.6,3,47.5,46.6,34,Yes,24.1,21,22.98
2025-09-29,H2366,1,2.4,4,47.5,47.2,36,No,8.4,22,11.44
2025-09-30,H2367,6,2.1,4,19.0,18.0,31,No,18.9,21,15.42
2025-10-01,H2368,3,3.5,3,19.0,17.2,39,No,29.3,20,15.11
2025-10-02,H2369,5,3.2,4,14.2,13.3,28,No,27.1,25,20.27
2025-10-03,H2370,2,1.3,4,47.5,46.7,32,No,17.1,17,10.8
2025-10-04,H2371,5,2.0,4,19.0,17.7,28,Yes,21.5,21,16.65
2025-10-05,H2372,1,4.2,1,14.2,12.2,31,Yes,29.2,29,12.21
2025-10-06,H2373,1,3.4,1,47.5,45.9,38,No,9.4,28,10.53
2025-10-07,H2374,4,5.4,1,14.2,12.4,28,No,8.2,38,15.98
2025-10-08,H2375,7,3.0,4,47.5,45.1,37,No,26.1,26,23.2
2025-10-09,H2376,5,1.5,2,19.0,18.8,38,No,15.1,26,13.12
2025-10-10,H2377,2,4.6,3,47.5,46.7,32,No,9.3,23,14.18
2025-10-11,H2378,4,3.9,3,47.5,47.3,27,Yes,27.5,25,17.36
2025-10-12,H2379,4,3.4,2,47.5,47.0,38,Yes,11.7,17,15.84
2025-10-13,H2380,6,5.1,2,47.5,45.5,32,No,6.5,32,18.82
2025-10-14,H2381,1,1.6,3,14.2,12.8,38,No,8.4,16,8.73
2025-10-15,H2382,5,4.2,3,47.5,45.0,26,No,23.4,38,21.01
2025-10-16,H2383,3,1.1,3,14.2,12.6,32,No,14.2,15,11.11
2025-10-17,H2384,2,4.0,2,47.5,44.9,33,No,27.0,39,15.03
2025-10-18,H2385,7,1.5,4,47.5,45.6,27,Yes,14.2,37,18.33
2025-10-19,H2386,1,4.4,3,14.2,13.5,31,Yes,29.5,29,16.68
2025-10-20,H2387,5,7.0,3,19.0,17.3,26,No,26.2,34,25.48
2025-10-21,H2388,5,3.1,2,19.0,18.1,26,No,16.7,24,14.48
2025-10-22,H2389,1,4.3,1,14.2,13.3,34,No,18.9,33,12.06
2025-10-23,H2390,7,6.3,2,47.5,45.0,36,No,15.5,18,21.61
2025-10-24,H2391,1,4.0,4,19.0,17.7,30,No,19.7,26,14.94
2025-10-25,H2392,4,3.5,4,47.5,46.0,25,Yes,14.3,18,16.26
2025-10-26,H2393,7,3.4,2,14.2,11.6,26,Yes,29.3,33,19.1
2025-10-27,H2394,4,6.6,2,14.2,12.5,29,No,9.3,37,17.17
2025-10-28,H2395,6,1.4,2,19.0,18.6,27,No,18.6,17,12.86
2025-10-29,H2396,7,1.9,4,19.0,18.6,26,No,8.6,34,18.17
2025-10-30,H2397,3,2.1,3,47.5,46.3,25,No,19.6,18,13.66
2025-10-31,H2398,7,2.3,2,19.0,17.4,33,No,21.5,26,15.8
2025-11-01,H2399,4,4.1,1,14.2,13.1,30,Yes,19.7,34,15.35
2025-11-02,H2400,1,6.6,2,14.2,12.3,29,Yes,10.9,36,15.87
2025-11-03,H2401,5,5.5,3,14.2,12.2,34,No,23.1,16,21.29
2025-11-04,H2402,2,5.0,1,47.5,45.3,26,No,26.1,15,14.05
2025-11-05,H2403,4,6.3,1,19.0,16.5,31,No,23.8,26,19.36
2025-11-06,H2404,4,6.0,3,47.5,46.3,27,No,10.3,25,16.96
2025-11-07,H2405,2,2.5,4,47.5,44.6,32,No,29.6,16,13.59
2025-11-08,H2406,5,4.5,4,19.0,18.5,37,Yes,15.8,16,20.05
2025-11-09,H2407,4,4.0,4,14.2,11.9,28,Yes,8.1,29,16.45
2025-11-10,H2408,4,2.2,2,19.0,16.7,35,No,28.9,24,14.33
2025-11-11,H2409,6,3.0,1,19.0,17.7,30,No,5.5,35,14.82
2025-11-12,H2410,7,6.4,2,19.0,17.2,28,No,24.8,27,23.6
2025-11-13,H2411,1,2.0,1,47.5,45.0,34,No,18.9,26,8.92
2025-11-14,H2412,6,1.8,2,19.0,18.7,37,No,24.3,26,15.76
2025-11-15,H2413,6,6.1,2,14.2,13.7,36,Yes,19.2,22,19.85
2025-11-16,H2414,2,5.4,1,19.0,18.7,33,Yes,27.4,31,16.82
2025-11-17,H2415,2,5.3,4,14.2,13.2,31,No,8.4,29,15.16
2025-11-18,H2416,2,3.9,3,14.2,12.7,29,No,17.0,32,14.26
2025-11-19,H2417,4,3.5,1,14.2,12.6,25,No,8.1,27,12.89
2025-11-20,H2418,7,6.1,2,47.5,45.6,24,No,22.7,35,24.73
2025-11-21,H2419,7,4.5,3,47.5,46.8,31,No,29.8,30,25.38
2025-11-22,H2420,7,6.3,2,47.5,46.2,39,Yes,13.2,20,23.46
2025-11-23,H2421,5,3.1,4,19.0,17.0,29,Yes,17.8,27,15.58
2025-11-24,H2422,7,2.8,4,47.5,44.7,24,No,13.8,27,19.97
2025-11-25,H2423,6,1.1,2,19.0,18.9,25,No,9.6,24,13.0
2025-11-26,H2424,1,4.9,2,14.2,11.4,29,No,17.4,31,14.39
2025-11-27,H2425,4,3.6,4,19.0,18.4,26,No,20.2,28,17.93
2025-11-28,H2426,7,2.4,2,14.2,11.6,29,No,25.6,25,19.5
2025-11-29,H2427,7,2.2,4,19.0,17.1,30,Yes,20.9,27,17.98
2025-11-30,H2428,2,1.0,3,47.5,45.8,34,Yes,7.4,24,9.44
2025-12-01,H2429,7,2.3,1,14.2,11.4,32,No,5.9,29,15.07
2025-12-02,H2430,2,1.0,2,19.0,16.9,38,No,15.0,18,8.08
2025-12-03,H2431,3,6.9,4,19.0,18.1,27,No,8.5,23,17.06
2025-12-04,H2432,1,1.5,3,47.5,46.5,25,No,27.8,18,12.43
2025-12-05,H2433,3,4.2,2,47.5,45.6,31,No,7.8,20,15.01
2025-12-06,H2434,2,2.2,4,47.5,44.9,33,Yes,5.5,31,10.06
2025-12-07,H2435,4,3.7,3,19.0,18.7,32,Yes,6.0,19,14.56
2025-12-08,H2436,1,1.9,1,47.5,47.5,37,No,9.1,37,6.1
2025-12-09,H2437,3,3.4,4,19.0,16.8,29,No,21.7,32,16.81
2025-12-10,H2438,5,5.1,1,47.5,46.6,38,No,29.1,39,21.72
2025-12-11,H2439,6,5.9,1,19.0,16.4,29,No,25.6,27,20.95
2025-12-12,H2440,4,2.7,2,14.2,11.7,31,No,24.0,20,14.61
2025-12-13,H2441,4,1.2,2,47.5,44.9,25,Yes,13.5,36,9.96
2025-12-14,H2442,7,4.8,3,14.2,14.2,32,Yes,24.4,31,23.25
2025-12-15,H2443,7,2.1,2,19.0,18.8,24,No,22.0,29,16.65
2025-12-16,H2444,6,2.6,1,14.2,12.5,27,No,21.1,27,16.7
2025-12-17,H2445,4,2.6,1,47.5,45.6,39,No,16.4,26,13.57
2025-12-18,H2446,6,6.0,4,47.5,45.0,24,No,16.5,33,23.42
2025-12-19,H2447,4,3.9,4,19.0,18.7,28,No,9.1,31,15.17
2025-12-20,H2448,4,6.6,1,47.5,47.4,35,Yes,23.1,39,21.53
2025-12-21,H2449,6,3.0,1,14.2,13.0,32,Yes,17.5,37,17.04
2025-12-22,H2450,6,3.7,3,47.5,47.3,36,No,7.3,20,15.03
2025-12-23,H2451,1,4.6,3,14.2,12.2,26,No,24.9,37,15.61
2025-12-24,H2452,3,4.1,1,47.5,46.0,31,No,7.9,21,10.63
2025-12-25,H2453,7,3.1,2,19.0,18.3,26,No,25.8,34,19.89
2025-12-26,H2454,2,1.6,1,47.5,45.4,35,No,10.3,22,7.38
2025-12-27,H2455,2,2.5,4,19.0,17.0,29,Yes,14.9,18,14.3
2025-12-28,H2456,2,2.8,3,47.5,47.4,37,Yes,29.9,29,16.78
2025-12-29,H2457,2,6.6,3,19.0,18.3,30,No,19.5,29,20.01
2025-12-30,H2458,7,3.4,4,14.2,13.7,29,No,11.3,27,20.68
2025-12-31,H2459,3,1.8,2,14.2,13.4,36,No,15.6,36,11.66
2025-01-01,H2460,7,5.3,4,14.2,11.9,38,No,28.3,27,24.56
2025-01-02,H2461,5,3.0,1,14.2,12.9,36,No,8.5,27,14.42
2025-01-03,H2462,4,2.4,1,19.0,17.9,35,No,6.8,36,10.97
2025-01-04,H2463,7,1.7,4,19.0,18.1,34,Yes,25.4,36,18.74
2025-01-05,H2464,6,5.8,3,14.2,13.8,30,Yes,8.4,16,21.7
2025-01-06,H2465,5,5.9,1,14.2,12.7,35,No,28.6,26,21.53
2025-01-07,H2466,3,1.3,3,14.2,12.8,37,No,15.1,22,11.17
2025-01-08,H2467,7,6.3,2,47.5,46.2,30,No,27.4,15,26.5
2025-01-09,H2468,3,3.5,3,14.2,12.1,30,No,28.8,31,17.15
2025-01-10,H2469,4,4.1,4,19.0,18.2,35,No,18.8,37,17.2
2025-01-11,H2470,5,3.2,4,19.0,17.8,33,Yes,19.9,24,18.03
2025-01-12,H2471,6,3.5,3,19.0,17.5,28,Yes,15.2,16,19.03
2025-01-13,H2472,2,4.0,2,47.5,45.0,27,No,9.2,25,12.46
2025-01-14,H2473,7,4.6,1,47.5,46.8,25,No,27.7,32,23.37
2025-01-15,H2474,6,3.2,4,47.5,46.0,33,No,26.3,25,19.85
2025-01-16,H2475,5,2.7,3,47.5,46.2,31,No,5.8,25,14.1
2025-01-17,H2476,4,2.2,2,19.0,17.2,39,No,19.1,30,11.71
2025-01-18,H2477,1,3.4,2,47.5,47.0,31,Yes,22.6,38,13.33
2025-01-19,H2478,5,2.9,1,47.5,45.1,38,Yes,16.7,34,15.86
2025-01-20,H2479,1,6.0,3,47.5,45.0,37,No,29.0,17,18.42
2025-01-21,H2480,2,6.7,3,14.2,13.8,31,No,16.9,17,17.85
2025-01-22,H2481,6,4.0,2,19.0,16.2,26,No,19.6,19,18.94
2025-01-23,H2482,1,1.4,3,47.5,45.6,34,No,13.2,38,8.15
2025-01-24,H2483,6,6.1,1,14.2,12.3,33,No,19.7,15,20.26
2025-01-25,H2484,4,6.4,3,19.0,17.5,34,Yes,27.3,26,21.28
2025-01-26,H2485,1,3.9,3,47.5,45.2,30,Yes,16.4,24,13.92
2025-01-27,H2486,6,4.8,4,19.0,17.5,28,No,15.4,32,21.46
2025-01-28,H2487,3,4.1,4,19.0,17.5,25,No,16.2,28,15.26
2025-01-29,H2488,6,2.8,4,14.2,13.0,30,No,11.2,29,18.07
2025-01-30,H2489,2,2.5,3,47.5,44.5,31,No,8.2,37,11.28
2025-01-31,H2490,3,5.1,3,19.0,18.5,24,No,6.1,25,15.14
2025-02-01,H2491,5,1.9,2,14.2,13.5,31,Yes,18.0,30,13.57
2025-02-02,H2492,5,5.9,4,19.0,18.1,31,Yes,11.9,18,18.75
2025-02-03,H2493,5,4.1,1,19.0,16.8,32,No,28.4,23,19.56
2025-02-04,H2494,6,4.7,4,14.2,13.0,27,No,24.9,27,22.63
2025-02-05,H2495,2,4.4,4,19.0,16.2,32,No,20.7,20,17.55
2025-02-06,H2496,4,1.6,4,14.2,11.8,28,No,26.2,22,13.9
2025-02-07,H2497,6,1.8,2,47.5,46.0,29,No,9.1,25,12.39
2025-02-08,H2498,5,3.1,3,19.0,17.3,33,Yes,18.9,35,16.8
2025-02-09,H2499,7,3.2,3,47.5,46.4,27,Yes,10.2,36,17.64
2025-02-10,H2500,5,3.6,3,47.5,47.3,39,No,23.9,21,17.29
2025-02-11,H2501,6,5.9,3,19.0,17.9,24,No,16.0,39,21.13
2025-02-12,H2502,5,4.8,1,14.2,12.4,29,No,16.5,18,18.08
2025-02-13,H2503,3,6.1,4,19.0,17.9,39,No,30.0,18,23.47
2025-02-14,H2504,1,4.9,4,19.0,17.8,34,No,13.7,37,13.3
2025-02-15,H2505,4,5.2,1,14.2,11.7,35,Yes,9.5,31,14.05
2025-02-16,H2506,7,6.0,2,14.2,12.1,31,Yes,12.1,33,22.63
2025-02-17,H2507,2,5.8,4,19.0,17.2,35,No,24.5,22,20.65
2025-02-18,H2508,5,5.7,3,14.2,13.5,34,No,21.3,32,19.44
2025-02-19,H2509,7,1.1,3,47.5,44.5,30,No,14.4,21,16.84
2025-02-20,H2510,3,5.0,2,14.2,12.6,28,No,19.5,37,14.98
2025-02-21,H2511,6,2.7,2,47.5,47.5,24,No,8.2,37,12.58
2025-02-22,H2512,2,2.1,3,47.5,45.8,24,Yes,12.8,31,10.14
2025-02-23,H2513,6,2.8,4,47.5,46.9,29,Yes,7.2,36,16.72
2025-02-24,H2514,1,1.4,3,14.2,12.8,36,No,21.0,16,8.96
2025-02-25,H2515,6,6.0,3,14.2,11.4,30,No,20.4,31,24.62
2025-02-26,H2516,1,5.7,3,19.0,17.1,39,No,15.8,16,14.4
2025-02-27,H2517,4,2.1,1,14.2,12.2,29,No,12.4,27,11.53
2025-02-28,H2518,4,2.4,2,14.2,13.8,39,No,9.3,16,12.72
2025-03-01,H2519,7,6.8,1,47.5,47.4,32,Yes,19.1,32,22.51
2025-03-02,H2520,4,5.8,4,14.2,12.3,29,Yes,15.9,38,21.32
2025-03-03,H2521,4,5.0,3,14.2,11.6,24,No,29.8,32,21.39
2025-03-04,H2522,5,3.7,4,47.5,46.0,27,No,11.5,33,17.94
2025-03-05,H2523,5,4.1,3,14.2,13.2,28,No,22.2,15,17.82
2025-03-06,H2524,6,4.6,1,47.5,44.6,26,No,6.9,32,14.7
2025-03-07,H2525,7,5.0,4,14.2,12.4,36,No,23.8,36,24.36
2025-03-08,H2526,1,1.0,4,14.2,13.9,31,Yes,20.9,34,8.25
2025-03-09,H2527,5,2.0,4,19.0,17.1,28,Yes,19.6,20,15.83
2025-03-10,H2528,7,3.8,4,14.2,12.7,25,No,28.8,28,24.78
2025-03-11,H2529,5,6.7,3,47.5,47.2,25,No,6.0,17,18.29
2025-03-12,H2530,7,6.8,4,14.2,14.0,38,No,25.6,25,25.89
2025-03-13,H2531,5,5.3,1,19.0,18.3,27,No,13.1,26,19.23
2025-03-14,H2532,3,2.7,2,14.2,12.8,35,No,29.5,16,17.11
2025-03-15,H2533,1,5.4,2,14.2,11.4,36,Yes,10.7,25,12.71
2025-03-16,H2534,3,4.6,2,47.5,45.2,30,Yes,6.8,33,12.3
2025-03-17,H2535,7,3.1,4,19.0,18.5,35,No,7.7,37,17.46
2025-03-18,H2536,2,3.8,4,14.2,13.9,24,No,28.7,32,16.28
2025-03-19,H2537,6,4.9,1,14.2,12.3,27,No,17.6,19,20.02
2025-03-20,H2538,2,6.0,4,47.5,45.8,35,No,18.4,26,16.32
2025-03-21,H2539,2,6.3,4,14.2,12.7,38,No,15.1,25,16.69
2025-03-22,H2540,1,1.3,4,14.2,13.1,33,Yes,22.9,31,9.94
2025-03-23,H2541,3,2.3,1,14.2,13.0,26,Yes,8.6,35,8.18
2025-03-24,H2542,2,5.8,4,19.0,17.5,27,No,13.9,22,17.72
2025-03-25,H2543,2,1.8,4,14.2,12.0,29,No,11.6,28,12.28
2025-03-26,H2544,5,3.1,4,47.5,46.9,35,No,5.5,21,16.1
2025-03-27,H2545,6,1.3,1,19.0,17.9,38,No,25.3,33,13.99
2025-03-28,H2546,7,5.4,1,14.2,12.8,28,No,27.6,25,24.71
2025-03-29,H2547,2,6.2,2,14.2,13.3,33,Yes,23.1,21,17.61
2025-03-30,H2548,6,1.4,4,19.0,16.2,28,Yes,14.7,17,16.65
2025-03-31,H2549,6,2.4,4,14.2,13.0,26,No,26.1,16,17.64
2025-04-01,H2550,3,6.5,2,14.2,13.6,26,No,28.0,24,20.3
2025-04-02,H2551,2,5.8,4,47.5,46.0,33,No,7.3,37,15.27
2025-04-03,H2552,5,3.5,3,19.0,17.4,30,No,12.9,19,15.38
2025-04-04,H2553,4,2.5,2,47.5,45.4,31,No,19.1,24,15.58
2025-04-05,H2554,7,4.9,2,14.2,13.4,32,Yes,11.4,17,17.79
2025-04-06,H2555,6,1.7,2,47.5,47.4,34,Yes,19.5,36,16.38
2025-04-07,H2556,3,4.1,3,14.2,13.0,33,No,15.6,18,15.59
2025-04-08,H2557,7,4.1,3,19.0,17.5,25,No,13.1,27,17.67
2025-04-09,H2558,1,6.5,4,19.0,17.3,33,No,16.6,28,16.5
2025-04-10,H2559,1,6.0,1,19.0,18.7,26,No,14.8,32,15.03
2025-04-11,H2560,2,4.3,4,47.5,45.9,26,No,18.3,22,14.54
2025-04-12,H2561,7,2.3,4,47.5,45.5,34,Yes,13.7,36,19.65
2025-04-13,H2562,4,3.7,2,14.2,12.7,37,Yes,9.7,23,14.48
2025-04-14,H2563,2,3.9,1,19.0,18.9,26,No,11.8,18,11.93
2025-04-15,H2564,4,5.6,1,47.5,45.9,39,No,23.4,28,17.33
2025-04-16,H2565,4,5.9,1,14.2,12.5,39,No,8.1,26,15.14
2025-04-17,H2566,7,3.8,2,47.5,45.0,26,No,20.1,37,19.76
2025-04-18,H2567,1,2.9,2,14.2,11.9,29,No,5.8,26,8.38
2025-04-19,H2568,5,2.6,2,47.5,46.5,37,Yes,12.7,27,15.76
2025-04-20,H2569,4,3.1,4,47.5,46.5,33,Yes,24.2,18,19.43
2025-04-21,H2570,3,2.5,1,47.5,47.3,32,No,19.4,23,10.04
2025-04-22,H2571,1,6.8,1,19.0,16.8,34,No,10.4,37,12.46
2025-04-23,H2572,5,6.9,3,19.0,17.6,24,No,13.5,39,20.19
2025-04-24,H2573,3,4.2,2,47.5,45.9,30,No,5.9,18,12.14
2025-04-25,H2574,4,1.2,4,14.2,11.4,35,No,7.4,23,9.64
2025-04-26,H2575,3,1.2,1,14.2,14.1,32,Yes,24.1,16,9.17
2025-04-27,H2576,1,4.1,2,19.0,16.4,35,Yes,21.1,17,14.89
2025-04-28,H2577,6,5.7,4,19.0,18.6,37,No,12.6,39,22.63
2025-04-29,H2578,7,2.5,1,19.0,16.0,34,No,11.5,38,16.56
2025-04-30,H2579,3,2.8,1,47.5,45.4,35,No,5.6,18,8.82
2025-05-01,H2580,7,4.8,2,14.2,11.6,29,No,10.0,33,21.12
2025-05-02,H2581,3,3.9,4,19.0,17.8,24,No,21.5,38,15.95
2025-05-03,H2582,4,2.0,2,47.5,44.8,27,Yes,5.4,15,11.64
2025-05-04,H2583,1,5.4,4,19.0,16.0,38,Yes,29.8,34,19.75
2025-05-05,H2584,7,1.7,1,14.2,11.8,32,No,14.2,33,12.62
2025-05-06,H2585,4,4.9,2,14.2,12.6,35,No,19.3,29,19.41
2025-05-07,H2586,5,1.5,4,19.0,18.0,30,No,8.9,19,12.7
2025-05-08,H2587,1,5.0,2,47.5,45.4,32,No,21.1,19,13.31
2025-05-09,H2588,5,2.7,3,14.2,13.3,25,No,22.8,20,15.85
2025-05-10,H2589,2,2.6,3,14.2,14.0,33,Yes,24.5,38,13.82
2025-05-11,H2590,1,5.9,2,14.2,13.1,28,Yes,10.4,33,14.42
2025-05-12,H2591,2,2.7,3,19.0,18.4,30,No,10.4,26,9.27
2025-05-13,H2592,2,5.8,2,47.5,45.3,39,No,29.2,23,17.42
2025-05-14,H2593,1,1.2,4,47.5,46.3,37,No,8.7,35,9.66
2025-05-15,H2594,6,6.8,1,47.5,47.5,39,No,19.5,38,20.17
2025-05-16,H2595,6,5.5,2,47.5,46.1,25,No,11.6,26,18.22
2025-05-17,H2596,3,6.4,4,47.5,46.7,28,Yes,5.5,15,17.96
2025-05-18,H2597,2,2.4,4,19.0,17.7,38,Yes,22.2,30,15.21
2025-05-19,H2598,4,4.4,3,19.0,18.3,30,No,28.8,37,17.99
2025-05-20,H2599,6,4.7,4,47.5,44.9,36,No,21.9,26,20.05
2025-05-21,H2600,4,1.5,4,47.5,46.7,28,No,8.4,16,11.98
2025-05-22,H2601,2,4.4,2,19.0,17.0,38,No,13.8,24,12.02
2025-05-23,H2602,4,2.9,2,19.0,16.7,28,No,24.8,33,16.06
2025-05-24,H2603,1,5.6,2,47.5,45.9,29,Yes,14.1,35,14.88
2025-05-25,H2604,7,2.1,2,47.5,47.1,34,Yes,19.2,16,18.72
2025-05-26,H2605,1,3.7,4,19.0,17.6,25,No,25.8,37,13.61
2025-05-27,H2606,4,5.0,2,14.2,11.5,26,No,20.2,17,17.24
2025-05-28,H2607,6,5.1,4,47.5,45.1,32,No,19.6,31,21.85
2025-05-29,H2608,5,6.4,1,14.2,11.6,31,No,22.7,39,20.53
2025-05-30,H2609,7,3.2,4,47.5,47.0,39,No,20.2,33,21.9
2025-05-31,H2610,1,6.6,3,47.5,45.2,39,Yes,24.1,36,19.24
2025-06-01,H2611,6,3.0,3,47.5,45.6,31,Yes,5.2,20,14.86
2025-06-02,H2612,6,2.6,2,47.5,45.3,30,No,27.7,22,16.29
2025-06-03,H2613,3,1.9,1,14.2,13.4,35,No,21.3,36,10.59
2025-06-04,H2614,5,6.9,4,19.0,17.2,39,No,21.5,33,25.42
2025-06-05,H2615,1,5.6,1,19.0,18.7,36,No,29.8,15,15.26
2025-06-06,H2616,2,4.7,3,14.2,12.3,31,No,14.2,21,15.72
2025-06-07,H2617,4,6.4,1,19.0,17.6,28,Yes,16.6,34,18.62
2025-06-08,H2618,2,3.0,2,19.0,16.7,25,Yes,27.9,19,13.11
2025-06-09,H2619,4,1.7,2,19.0,18.3,38,No,16.3,30,12.93
2025-06-10,H2620,5,5.5,3,19.0,16.3,26,No,29.8,36,20.96
2025-06-11,H2621,4,6.9,3,19.0,17.4,25,No,16.1,17,19.81
2025-06-12,H2622,2,4.5,1,47.5,46.5,31,No,17.4,28,13.09
2025-06-13,H2623,6,5.3,2,14.2,14.0,37,No,10.7,22,18.14
2025-06-14,H2624,4,3.9,3,19.0,16.5,24,Yes,15.4,31,15.34
2025-06-15,H2625,4,2.0,4,19.0,17.2,31,Yes,29.5,39,15.75
2025-06-16,H2626,4,2.3,4,19.0,17.4,26,No,13.0,15,13.9
2025-06-17,H2627,5,1.2,3,47.5,47.4,32,No,7.4,21,12.36
2025-06-18,H2628,6,6.5,1,19.0,16.7,34,No,29.8,30,25.27
2025-06-19,H2629,3,1.4,1,19.0,18.6,25,No,26.2,20,12.32
2025-06-20,H2630,7,2.2,4,14.2,12.3,27,No,8.1,26,14.58
2025-06-21,H2631,6,6.0,2,47.5,45.8,31,Yes,12.7,27,20.22
2025-06-22,H2632,7,6.2,1,19.0,17.1,37,Yes,27.4,32,24.06
2025-06-23,H2633,1,6.1,1,14.2,11.5,38,No,16.9,30,12.74
2025-06-24,H2634,4,3.5,4,14.2,13.1,26,No,27.5,39,18.57
2025-06-25,H2635,5,4.7,4,14.2,13.0,29,No,27.9,31,21.5
2025-06-26,H2636,1,3.7,4,14.2,12.8,25,No,5.5,23,11.1
2025-06-27,H2637,6,3.5,3,19.0,18.8,25,No,22.2,25,19.8
2025-06-28,H2638,2,5.1,3,14.2,12.6,24,Yes,14.4,22,14.66
2025-06-29,H2639,3,6.1,4,47.5,47.5,32,Yes,8.4,32,15.72
2025-06-30,H2640,1,1.1,4,47.5,47.2,28,No,28.2,35,13.63
2025-07-01,H2641,3,2.2,3,19.0,16.9,34,No,9.3,34,12.56
2025-07-02,H2642,5,6.8,4,14.2,11.8,30,No,23.2,35,24.06
2025-07-03,H2643,1,3.0,4,47.5,44.8,37,No,27.7,37,15.24
2025-07-04,H2644,5,2.9,1,14.2,12.1,38,No,22.0,17,14.5
2025-07-05,H2645,5,2.6,2,47.5,45.6,25,Yes,22.7,32,14.81
2025-07-06,H2646,4,3.3,1,47.5,46.5,34,Yes,21.2,17,15.99
2025-07-07,H2647,5,1.5,1,47.5,46.5,24,No,5.4,21,10.31
2025-07-08,H2648,5,4.0,3,19.0,18.0,29,No,17.7,23,16.58
2025-07-09,H2649,5,1.6,1,47.5,47.4,25,No,13.1,38,9.98
2025-07-10,H2650,2,6.5,1,14.2,14.2,31,No,27.4,28,19.92
2025-07-11,H2651,3,2.6,1,19.0,17.0,24,No,22.8,25,14.15
2025-07-12,H2652,3,6.7,1,19.0,17.8,33,Yes,14.0,24,18.37
2025-07-13,H2653,2,1.5,3,47.5,47.4,34,Yes,20.6,24,11.58
2025-07-14,H2654,6,3.6,2,19.0,16.0,30,No,28.1,34,20.49
2025-07-15,H2655,1,1.6,1,47.5,47.0,27,No,20.5,36,6.74
2025-07-16,H2656,7,1.0,1,14.2,12.5,29,No,17.1,17,15.25
2025-07-17,H2657,1,3.2,2,19.0,18.2,38,No,27.8,38,12.28
2025-07-18,H2658,6,7.0,2,47.5,45.4,32,No,27.7,26,22.86
2025-07-19,H2659,5,2.9,4,19.0,18.1,24,Yes,28.8,31,18.87
2025-07-20,H2660,3,3.6,4,19.0,18.3,38,Yes,24.8,27,17.37
2025-07-21,H2661,1,2.5,4,14.2,14.1,33,No,29.3,15,12.94
2025-07-22,H2662,7,4.3,2,47.5,45.4,33,No,13.8,16,17.36
2025-07-23,H2663,4,5.7,2,47.5,44.5,35,No,13.8,20,18.67
2025-07-24,H2664,1,1.9,2,14.2,11.7,24,No,15.9,38,7.74
2025-07-25,H2665,6,4.0,4,14.2,12.5,30,No,12.1,28,20.1
2025-07-26,H2666,4,2.9,1,47.5,45.1,33,Yes,24.2,20,15.33
2025-07-27,H2667,6,4.6,3,19.0,16.1,31,Yes,14.6,28,18.94
2025-07-28,H2668,1,3.1,4,14.2,12.4,35,No,8.1,15,10.89
2025-07-29,H2669,7,3.8,3,14.2,12.4,26,No,9.5,18,19.66
2025-07-30,H2670,4,1.3,3,19.0,16.9,39,No,15.9,25,13.9
2025-07-31,H2671,3,6.0,1,47.5,44.6,35,No,19.2,37,18.79
2025-08-01,H2672,1,5.9,1,19.0,17.4,27,No,26.2,33,16.11
2025-08-02,H2673,1,6.8,1,14.2,13.7,34,Yes,21.1,25,15.03
2025-08-03,H2674,7,4.4,3,19.0,17.2,38,Yes,26.6,21,23.86
2025-08-04,H2675,5,1.4,4,47.5,44.7,27,No,18.8,37,14.73
2025-08-05,H2676,3,4.2,3,14.2,12.9,27,No,23.6,35,18.14
2025-08-06,H2677,6,3.1,3,19.0,16.5,25,No,14.4,18,15.74
2025-08-07,H2678,5,7.0,2,47.5,46.1,25,No,21.5,38,21.55
2025-08-08,H2679,7,3.6,4,47.5,46.5,39,No,28.3,20,24.55
2025-08-09,H2680,6,5.3,3,47.5,45.7,37,Yes,16.9,39,18.93
2025-08-10,H2681,4,6.7,1,47.5,44.9,33,Yes,25.4,16,19.81
2025-08-11,H2682,6,3.2,1,47.5,47.0,38,No,17.6,28,14.4
2025-08-12,H2683,7,4.1,3,47.5,46.4,38,No,9.5,21,17.06
2025-08-13,H2684,6,4.4,3,14.2,11.7,32,No,8.3,33,17.71
2025-08-14,H2685,2,2.8,4,47.5,46.0,39,No,13.9,33,13.57
2025-08-15,H2686,7,5.6,3,47.5,47.3,24,No,26.2,22,26.19
2025-08-16,H2687,2,4.2,2,47.5,46.8,27,Yes,24.9,30,13.83
2025-08-17,H2688,6,2.8,2,19.0,17.4,36,Yes,16.6,37,14.46
2025-08-18,H2689,1,2.3,2,14.2,12.0,30,No,6.6,23,7.3
2025-08-19,H2690,1,6.3,1,14.2,12.1,31,No,11.3,39,13.93
2025-08-20,H2691,7,5.2,3,19.0,17.1,24,No,13.1,23,21.4
2025-08-21,H2692,4,2.3,4,47.5,45.9,29,No,29.8,18,17.14
2025-08-22,H2693,6,5.6,3,19.0,17.7,34,No,27.3,35,21.63
2025-08-23,H2694,4,5.6,3,19.0,17.8,36,Yes,19.9,35,18.9
2025-08-24,H2695,3,6.8,3,19.0,17.6,29,Yes,25.6,30,22.27
2025-08-25,H2696,4,2.9,2,14.2,13.0,38,No,20.6,23,14.06
2025-08-26,H2697,5,3.3,2,14.2,13.0,37,No,8.2,21,12.48
2025-08-27,H2698,7,1.6,2,14.2,14.1,38,No,29.3,34,16.3
2025-08-28,H2699,7,1.5,2,47.5,45.9,32,No,22.6,23,16.95
2025-08-29,H2700,5,6.6,4,47.5,46.7,33,No,26.1,20,23.09
2025-08-30,H2701,4,6.4,2,19.0,17.7,35,Yes,27.5,30,20.65
2025-08-31,H2702,7,3.5,3,14.2,11.5,25,Yes,18.8,27,19.72
2025-09-01,H2703,4,1.5,2,14.2,13.5,38,No,8.5,20,10.6
2025-09-02,H2704,5,3.5,1,47.5,46.0,36,No,22.5,34,17.27
2025-09-03,H2705,2,3.8,1,47.5,46.9,32,No,21.5,27,12.5
2025-09-04,H2706,2,3.5,3,14.2,11.6,38,No,12.7,37,12.74
2025-09-05,H2707,7,2.5,1,14.2,13.2,34,No,25.0,39,19.67
2025-09-06,H2708,4,6.5,2,47.5,47.0,27,Yes,5.2,22,17.48
2025-09-07,H2709,4,6.8,2,47.5,46.6,29,Yes,18.1,26,20.32
2025-09-08,H2710,6,4.7,3,14.2,13.5,28,No,22.1,34,22.91
2025-09-09,H2711,1,6.6,3,19.0,16.7,38,No,9.2,32,16.92
2025-09-10,H2712,1,6.7,4,19.0,18.1,29,No,27.3,33,19.75
2025-09-11,H2713,3,5.1,2,19.0,17.9,33,No,26.1,21,18.06
2025-09-12,H2714,7,6.6,4,19.0,17.4,31,No,16.2,28,24.62
2025-09-13,H2715,2,5.4,2,14.2,12.9,36,Yes,15.6,21,13.23
2025-09-14,H2716,6,5.2,3,19.0,17.6,32,Yes,10.4,31,18.21
2025-09-15,H2717,3,5.5,4,19.0,16.4,27,No,19.2,22,18.03
2025-09-16,H2718,1,1.1,1,47.5,46.8,29,No,28.1,30,8.46
2025-09-17,H2719,6,2.4,1,19.0,16.6,39,No,29.8,24,16.07
2025-09-18,H2720,3,2.2,3,47.5,44.9,31,No,29.2,37,16.05
2025-09-19,H2721,1,1.8,4,47.5,46.2,24,No,11.6,30,8.9
2025-09-20,H2722,3,4.8,2,14.2,12.0,39,Yes,7.9,29,13.25
2025-09-21,H2723,1,6.6,2,14.2,11.5,31,Yes,5.9,28,15.68
2025-09-22,H2724,4,1.1,4,14.2,11.4,33,No,10.8,34,13.36
2025-09-23,H2725,3,6.1,1,14.2,13.1,31,No,18.1,15,17.71
2025-09-24,H2726,1,1.2,2,47.5,45.2,34,No,25.0,39,8.44
2025-09-25,H2727,3,1.9,1,14.2,13.6,37,No,20.3,15,10.23
2025-09-26,H2728,5,4.9,2,47.5,44.9,30,No,9.4,35,14.89
2025-09-27,H2729,6,5.3,2,14.2,12.5,36,Yes,12.1,31,19.76
2025-09-28,H2730,5,2.7,3,19.0,18.0,24,Yes,9.7,35,14.02
2025-09-29,H2731,5,2.5,4,19.0,17.1,24,No,7.9,20,14.46
2025-09-30,H2732,3,7.0,4,47.5,45.4,28,No,5.1,17,17.18
2025-10-01,H2733,6,5.0,1,19.0,16.8,36,No,16.1,28,20.56
2025-10-02,H2734,5,6.5,3,19.0,17.9,29,No,7.1,28,18.5
2025-10-03,H2735,3,5.3,2,47.5,46.0,32,No,13.5,19,16.68
2025-10-04,H2736,1,2.0,1,19.0,17.0,29,Yes,13.7,28,8.54
2025-10-05,H2737,6,3.1,2,19.0,17.4,34,Yes,28.6,21,19.8
2025-10-06,H2738,7,2.7,4,19.0,18.1,26,No,19.9,19,18.91
2025-10-07,H2739,1,1.7,2,14.2,13.4,30,No,19.4,17,7.85
2025-10-08,H2740,5,2.2,4,47.5,45.5,27,No,6.4,18,12.21
2025-10-09,H2741,1,5.2,2,14.2,12.7,32,No,28.1,23,14.65
2025-10-10,H2742,3,2.4,1,19.0,18.8,28,No,11.4,28,11.47
2025-10-11,H2743,1,4.4,2,19.0,17.8,38,Yes,16.9,16,12.39
2025-10-12,H2744,2,4.1,1,14.2,13.8,27,Yes,8.3,21,12.57
2025-10-13,H2745,2,6.9,3,19.0,17.5,32,No,26.4,25,21.6
2025-10-14,H2746,5,4.3,1,47.5,45.2,27,No,25.4,36,20.13
2025-10-15,H2747,1,1.7,4,47.5,46.0,35,No,25.4,32,10.18
2025-10-16,H2748,5,4.9,4,47.5,46.4,33,No,23.2,31,23.15
2025-10-17,H2749,2,6.5,1,19.0,18.3,36,No,18.6,20,18.52
2025-10-18,H2750,5,3.2,1,47.5,45.8,29,Yes,20.0,38,15.97
2025-10-19,H2751,3,1.3,4,47.5,46.8,36,Yes,7.0,27,8.52
2025-10-20,H2752,6,6.1,4,19.0,17.2,24,No,12.6,24,20.93
2025-10-21,H2753,3,6.7,3,14.2,12.7,32,No,18.5,34,20.37
2025-10-22,H2754,6,2.8,1,14.2,12.8,31,No,28.2,25,16.56
2025-10-23,H2755,5,4.9,4,19.0,18.1,37,No,26.5,26,21.99
2025-10-24,H2756,2,4.0,2,47.5,45.6,38,No,22.9,32,12.62
2025-10-25,H2757,5,3.5,2,14.2,11.7,33,Yes,25.1,17,19.36
2025-10-26,H2758,5,1.2,3,14.2,13.6,34,Yes,15.5,21,11.52
2025-10-27,H2759,6,2.2,2,14.2,12.8,36,No,20.6,28,15.52
2025-10-28,H2760,7,2.9,1,19.0,16.2,34,No,6.5,17,16.47
2025-10-29,H2761,3,7.0,4,14.2,13.4,39,No,10.6,39,20.92
2025-10-30,H2762,4,6.6,1,14.2,12.1,37,No,25.8,16,19.92
2025-10-31,H2763,3,5.5,2,19.0,17.9,37,No,14.5,32,16.66
2025-11-01,H2764,7,5.3,2,19.0,17.8,29,Yes,15.3,31,21.68
2025-11-02,H2765,2,3.7,2,19.0,16.3,27,Yes,16.4,18,13.6
2025-11-03,H2766,1,4.4,4,14.2,13.1,37,No,22.2,38,13.59
2025-11-04,H2767,3,4.4,1,14.2,12.2,28,No,6.8,22,13.76
2025-11-05,H2768,4,4.6,3,19.0,17.9,38,No,23.8,19,17.89
2025-11-06,H2769,6,4.5,1,47.5,47.1,33,No,17.6,25,20.06
2025-11-07,H2770,3,6.2,2,19.0,17.0,32,No,7.3,36,17.8
2025-11-08,H2771,7,3.8,1,14.2,11.4,27,Yes,9.8,24,14.98
2025-11-09,H2772,7,5.2,3,14.2,12.2,24,Yes,17.1,35,20.16
2025-11-10,H2773,4,1.9,1,19.0,18.7,30,No,5.4,15,7.54
2025-11-11,H2774,5,3.5,4,47.5,45.1,35,No,11.7,26,18.49
2025-11-12,H2775,3,6.8,2,47.5,45.4,38,No,8.1,23,16.49
2025-11-13,H2776,1,2.9,1,14.2,13.0,38,No,9.2,15,6.28
2025-11-14,H2777,5,4.2,1,47.5,45.1,38,No,19.9,18,16.77
2025-11-15,H2778,5,3.2,1,47.5,45.2,24,Yes,11.8,36,12.15
2025-11-16,H2779,7,1.5,1,47.5,47.3,30,Yes,17.7,31,14.06
2025-11-17,H2780,4,6.8,2,19.0,18.9,37,No,24.9,16,21.21
2025-11-18,H2781,1,5.5,1,14.2,11.7,35,No,8.9,29,11.56
2025-11-19,H2782,1,3.3,2,19.0,17.8,31,No,24.2,33,12.39
2025-11-20,H2783,1,6.7,1,47.5,45.3,37,No,13.3,17,14.86
2025-11-21,H2784,4,4.5,1,14.2,12.0,38,No,29.8,30,19.81
2025-11-22,H2785,6,3.1,3,19.0,16.8,38,Yes,15.2,25,17.42
2025-11-23,H2786,2,6.4,4,14.2,12.3,33,Yes,26.5,17,20.23
2025-11-24,H2787,1,2.0,4,19.0,16.2,39,No,28.4,27,12.84
2025-11-25,H2788,4,6.7,4,14.2,13.1,35,No,5.9,25,20.12
2025-11-26,H2789,6,4.9,4,19.0,17.7,29,No,15.3,16,19.96
2025-11-27,H2790,3,6.7,2,47.5,45.8,27,No,16.2,38,17.95
2025-11-28,H2791,7,5.6,3,19.0,18.7,37,No,24.3,19,24.54
2025-11-29,H2792,1,3.8,4,47.5,47.5,38,Yes,26.4,35,14.03
2025-11-30,H2793,3,3.2,2,19.0,18.3,39,Yes,12.7,25,13.57
2025-12-01,H2794,2,5.0,1,47.5,47.3,30,No,13.1,26,11.37
2025-12-02,H2795,2,3.0,2,47.5,45.8,24,No,10.2,30,11.04
2025-12-03,H2796,2,6.1,4,19.0,18.4,35,No,22.3,24,19.58
2025-12-04,H2797,5,4.6,2,19.0,18.2,32,No,5.8,33,14.46
2025-12-05,H2798,4,5.8,2,14.2,13.1,31,No,29.8,29,21.2
2025-12-06,H2799,2,2.7,1,19.0,16.8,37,Yes,8.8,30,7.26
2025-12-07,H2800,1,2.1,3,14.2,11.7,34,Yes,24.6,38,13.43
2025-12-08,H2801,4,4.7,1,19.0,17.2,29,No,29.7,19,20.25
2025-12-09,H2802,3,2.5,1,14.2,14.1,39,No,29.9,26,14.97
2025-12-10,H2803,2,2.7,4,47.5,45.0,34,No,6.4,30,11.6
2025-12-11,H2804,6,3.6,1,19.0,17.7,33,No,24.1,20,19.01
2025-12-12,H2805,7,3.5,1,47.5,45.0,29,No,11.7,29,16.37
2025-12-13,H2806,3,4.7,3,19.0,16.5,36,Yes,9.7,29,14.84
2025-12-14,H2807,3,4.3,4,14.2,13.4,26,Yes,17.6,23,15.45
2025-12-15,H2808,3,5.0,1,19.0,16.7,34,No,29.1,28,19.13
2025-12-16,H2809,1,6.8,1,14.2,11.5,31,No,5.0,35,11.3
2025-12-17,H2810,3,6.4,1,14.2,14.1,31,No,12.6,26,15.87
2025-12-18,H2811,6,5.4,3,19.0,18.4,36,No,10.1,36,21.25
2025-12-19,H2812,7,1.9,2,47.5,45.2,30,No,7.8,37,15.88
2025-12-20,H2813,5,2.7,3,19.0,18.3,30,Yes,24.0,28,15.84
2025-12-21,H2814,6,6.8,2,47.5,45.6,39,Yes,10.0,21,21.46
2025-12-22,H2815,2,3.6,2,14.2,13.5,28,No,12.9,22,10.88
2025-12-23,H2816,2,1.3,4,19.0,18.1,32,No,8.3,23,8.85
2025-12-24,H2817,2,3.6,4,19.0,18.9,31,No,7.9,28,10.78
2025-12-25,H2818,2,6.7,4,47.5,45.4,28,No,25.1,22,20.71
2025-12-26,H2819,2,1.9,1,19.0,16.7,24,No,21.6,35,10.93
2025-12-27,H2820,2,6.2,3,14.2,13.5,28,Yes,5.5,16,14.45
2025-12-28,H2821,7,1.9,1,19.0,16.5,37,Yes,25.7,15,15.75
2025-12-29,H2822,5,6.5,1,14.2,13.7,25,No,16.6,16,18.58
2025-12-30,H2823,7,5.5,4,14.2,13.0,31,No,17.8,30,24.9
2025-12-31,H2824,4,4.0,3,47.5,44.7,37,No,26.1,36,19.32
2025-01-01,H2825,2,1.0,4,47.5,46.3,34,No,25.0,37,10.54
2025-01-02,H2826,7,6.8,4,14.2,12.4,30,No,14.0,18,25.63
2025-01-03,H2827,6,5.5,3,47.5,45.3,24,No,18.9,15,21.03
2025-01-04,H2828,2,2.3,4,47.5,46.8,33,Yes,15.9,26,11.32
2025-01-05,H2829,6,5.5,1,14.2,12.1,25,Yes,10.0,16,17.5
2025-01-06,H2830,2,4.6,3,19.0,16.8,24,No,17.0,18,15.49
2025-01-07,H2831,6,6.9,3,19.0,17.9,28,No,9.2,27,22.24
2025-01-08,H2832,6,4.8,3,47.5,45.2,26,No,11.7,27,20.67
2025-01-09,H2833,7,3.7,2,47.5,45.0,34,No,26.0,19,21.27
2025-01-10,H2834,7,4.5,3,14.2,11.7,33,No,8.0,18,17.55
2025-01-11,H2835,6,1.6,1,14.2,13.9,34,Yes,28.1,25,16.4
2025-01-12,H2836,4,4.2,3,14.2,11.9,24,Yes,28.5,34,19.98
2025-01-13,H2837,5,3.2,1,14.2,12.4,34,No,5.2,19,12.44
2025-01-14,H2838,4,4.8,3,19.0,18.6,24,No,25.4,36,21.03
2025-01-15,H2839,7,6.6,4,14.2,11.5,39,No,12.4,33,23.18
2025-01-16,H2840,7,3.7,2,14.2,12.5,26,No,27.4,39,22.06
2025-01-17,H2841,7,6.2,1,47.5,46.7,30,No,5.6,19,19.34
2025-01-18,H2842,6,1.6,4,14.2,13.5,35,Yes,27.6,15,17.27
2025-01-19,H2843,4,2.9,4,47.5,46.5,33,Yes,28.3,35,16.54
2025-01-20,H2844,7,4.9,2,14.2,11.6,33,No,25.7,23,22.22
2025-01-21,H2845,5,2.3,4,14.2,12.4,30,No,24.6,27,18.89
2025-01-22,H2846,7,3.5,3,47.5,45.8,34,No,18.6,18,19.38
2025-01-23,H2847,4,2.5,2,19.0,16.7,36,No,23.1,37,16.64
2025-01-24,H2848,5,5.7,2,19.0,18.0,37,No,6.3,15,15.86
2025-01-25,H2849,6,7.0,1,47.5,44.5,27,Yes,21.9,18,24.4
2025-01-26,H2850,6,6.0,2,47.5,44.7,33,Yes,13.5,21,20.98
2025-01-27,H2851,7,4.6,2,19.0,17.9,36,No,23.5,17,21.1
2025-01-28,H2852,4,5.8,1,47.5,44.9,27,No,22.7,30,17.7
2025-01-29,H2853,2,5.3,2,47.5,45.2,31,No,11.3,38,14.43
2025-01-30,H2854,1,2.2,2,47.5,47.2,31,No,24.6,33,12.43
2025-01-31,H2855,4,4.9,3,47.5,45.7,31,No,13.5,39,15.74
2025-02-01,H2856,2,1.4,4,47.5,46.1,25,Yes,20.3,19,13.54
2025-02-02,H2857,6,6.2,3,19.0,18.5,30,Yes,26.0,34,24.82
2025-02-03,H2858,7,4.1,1,47.5,44.9,28,No,17.3,29,18.15
2025-02-04,H2859,1,2.5,2,19.0,18.7,29,No,25.2,24,9.61
2025-02-05,H2860,4,2.1,3,14.2,11.9,33,No,18.0,31,12.3
2025-02-06,H2861,7,1.2,2,19.0,18.5,32,No,28.7,34,16.76
2025-02-07,H2862,3,1.7,2,14.2,14.1,30,No,22.9,17,12.37
2025-02-08,H2863,7,3.5,3,19.0,16.4,34,Yes,22.0,35,22.05
2025-02-09,H2864,7,2.8,4,19.0,16.7,34,Yes,17.9,31,20.18
2025-02-10,H2865,6,4.9,4,47.5,47.1,32,No,28.7,16,24.3
2025-02-11,H2866,4,5.7,1,19.0,16.2,38,No,5.8,35,16.66
2025-02-12,H2867,4,2.4,1,19.0,16.6,39,No,5.6,38,12.04
2025-02-13,H2868,6,1.2,2,47.5,45.4,30,No,18.8,39,12.62
2025-02-14,H2869,7,4.6,2,14.2,14.0,30,No,11.9,15,18.65
2025-02-15,H2870,2,2.7,4,19.0,16.9,34,Yes,22.5,26,14.93
2025-02-16,H2871,4,3.9,1,47.5,47.1,31,Yes,25.5,38,18.09
2025-02-17,H2872,6,2.6,3,14.2,13.1,33,No,15.1,32,17.78
2025-02-18,H2873,2,3.3,1,19.0,18.8,25,No,24.1,35,13.4
2025-02-19,H2874,7,2.0,3,19.0,17.9,38,No,14.5,35,18.27
2025-02-20,H2875,2,5.8,1,19.0,18.9,29,No,19.4,34,17.58
2025-02-21,H2876,3,1.1,1,14.2,11.5,34,No,10.8,31,7.8
2025-02-22,H2877,2,2.3,3,14.2,13.9,26,Yes,18.4,39,10.25
2025-02-23,H2878,2,2.4,1,19.0,16.8,28,Yes,28.7,39,11.01
2025-02-24,H2879,4,5.4,3,19.0,17.7,33,No,12.0,30,16.84
2025-02-25,H2880,2,6.3,3,14.2,13.2,38,No,7.9,37,17.44
2025-02-26,H2881,6,4.3,3,47.5,46.0,29,No,18.9,37,18.42
2025-02-27,H2882,2,3.3,4,14.2,11.2,30,No,11.4,16,14.26
2025-02-28,H2883,1,4.2,2,47.5,46.3,32,No,11.7,39,9.74
2025-03-01,H2884,2,4.1,1,47.5,46.6,33,Yes,23.8,17,12.35
2025-03-02,H2885,4,4.4,3,47.5,46.9,34,Yes,23.6,24,17.58
2025-03-03,H2886,3,5.3,4,19.0,17.8,28,No,16.9,35,19.35
2025-03-04,H2887,5,4.7,1,19.0,16.5,36,No,12.3,33,16.68
2025-03-05,H2888,6,6.9,1,47.5,47.4,28,No,5.1,32,17.61
2025-03-06,H2889,7,1.7,4,47.5,47.4,39,No,23.4,15,19.16
2025-03-07,H2890,1,4.0,2,47.5,46.5,38,No,27.7,23,14.41
2025-03-08,H2891,7,1.7,1,14.2,11.6,31,Yes,15.8,30,15.56
2025-03-09,H2892,2,1.3,3,19.0,16.1,34,Yes,5.2,29,9.65
2025-03-10,H2893,2,2.3,4,47.5,44.9,37,No,8.2,30,9.33
2025-03-11,H2894,6,5.1,2,47.5,46.6,24,No,22.9,26,21.7
2025-03-12,H2895,4,6.2,4,14.2,12.2,37,No,21.0,27,22.89
2025-03-13,H2896,4,7.0,3,19.0,17.2,24,No,26.8,29,21.33
2025-03-14,H2897,2,1.8,4,47.5,45.2,35,No,14.1,37,11.79
2025-03-15,H2898,5,7.0,3,19.0,17.4,34,Yes,6.3,18,20.97
2025-03-16,H2899,6,6.8,3,47.5,45.2,35,Yes,9.0,22,22.87
2025-03-17,H2900,5,4.4,1,14.2,11.9,39,No,12.7,30,15.66
2025-03-18,H2901,3,3.6,3,14.2,13.6,36,No,12.3,22,15.6
2025-03-19,H2902,7,6.3,3,19.0,17.6,25,No,16.5,32,25.23
2025-03-20,H2903,7,5.4,3,14.2,12.4,24,No,26.1,27,22.81
2025-03-21,H2904,2,4.6,2,19.0,17.7,32,No,29.6,22,17.32
2025-03-22,H2905,7,5.9,2,47.5,44.7,31,Yes,12.2,30,21.42
2025-03-23,H2906,5,5.5,3,14.2,11.8,31,Yes,18.3,25,21.48
2025-03-24,H2907,1,6.5,1,47.5,45.4,39,No,28.5,38,15.97
2025-03-25,H2908,4,5.7,1,47.5,45.6,37,No,22.9,30,18.32
2025-03-26,H2909,5,3.8,4,14.2,11.7,35,No,8.9,15,16.39
2025-03-27,H2910,1,1.8,4,14.2,12.7,35,No,5.2,18,6.14
2025-03-28,H2911,3,6.1,1,14.2,13.5,27,No,16.0,24,16.34
2025-03-29,H2912,5,3.1,3,47.5,47.1,30,Yes,24.9,35,17.21
2025-03-30,H2913,3,3.9,3,19.0,16.9,33,Yes,22.3,25,18.21
2025-03-31,H2914,5,1.6,2,19.0,16.9,26,No,29.9,34,15.89
2025-04-01,H2915,5,1.6,2,47.5,44.7,28,No,23.0,19,16.28
2025-04-02,H2916,2,1.8,3,47.5,44.9,39,No,19.2,37,12.71
2025-04-03,H2917,5,5.1,1,47.5,47.2,27,No,7.6,27,17.45
2025-04-04,H2918,1,2.9,3,14.2,12.8,31,No,18.0,39,11.81
2025-04-05,H2919,7,3.6,3,19.0,18.4,27,Yes,17.9,27,18.15
2025-04-06,H2920,6,6.5,4,19.0,18.6,24,Yes,11.5,34,21.93
2025-04-07,H2921,1,3.0,1,19.0,18.0,31,No,23.0,32,11.84
2025-04-08,H2922,3,1.3,3,19.0,16.5,26,No,26.2,19,11.54
2025-04-09,H2923,5,4.1,2,19.0,18.9,28,No,26.2,37,19.35
2025-04-10,H2924,3,4.3,4,19.0,17.4,35,No,7.5,31,14.53
2025-04-11,H2925,1,1.6,2,47.5,44.9,32,No,20.6,25,9.04
2025-04-12,H2926,2,3.7,1,47.5,45.4,28,Yes,11.9,37,9.14
2025-04-13,H2927,4,4.4,2,14.2,13.0,35,Yes,29.2,17,17.54
2025-04-14,H2928,7,1.1,3,47.5,47.2,36,No,25.9,16,15.78
2025-04-15,H2929,7,1.0,4,47.5,44.5,25,No,28.5,39,18.96
2025-04-16,H2930,4,1.5,1,19.0,16.8,33,No,18.2,39,10.0
2025-04-17,H2931,2,6.2,1,14.2,11.8,36,No,29.0,36,19.58
2025-04-18,H2932,2,6.1,1,19.0,18.2,32,No,6.8,25,15.35
2025-04-19,H2933,2,1.4,4,14.2,12.1,39,Yes,26.4,26,12.74
2025-04-20,H2934,3,5.0,2,47.5,45.8,34,Yes,22.4,32,17.19
2025-04-21,H2935,6,1.2,4,47.5,45.9,34,No,6.2,26,14.59
2025-04-22,H2936,6,4.3,2,19.0,18.4,39,No,13.9,25,17.84
2025-04-23,H2937,3,4.7,3,19.0,17.8,39,No,22.0,24,16.09
2025-04-24,H2938,7,4.8,3,19.0,17.0,33,No,23.2,28,22.68
2025-04-25,H2939,3,3.4,4,47.5,47.1,29,No,19.4,36,16.95
2025-04-26,H2940,2,1.8,3,47.5,44.7,25,Yes,21.9,17,13.79
2025-04-27,H2941,6,4.8,2,47.5,46.1,38,Yes,15.4,21,20.91
2025-04-28,H2942,3,6.5,4,14.2,13.6,25,No,16.0,27,20.81
2025-04-29,H2943,2,4.5,1,19.0,18.8,25,No,10.0,17,11.11
2025-04-30,H2944,3,1.4,1,14.2,12.4,37,No,23.6,20,10.2
2025-05-01,H2945,5,2.9,3,47.5,45.7,26,No,13.6,25,16.96
2025-05-02,H2946,4,1.3,4,47.5,46.3,35,No,5.7,28,12.28
2025-05-03,H2947,3,5.1,2,14.2,11.9,24,Yes,15.9,24,14.77
2025-05-04,H2948,4,5.6,4,19.0,18.2,30,Yes,27.4,32,20.19
2025-05-05,H2949,3,3.5,2,19.0,16.7,29,No,12.5,35,13.33
2025-05-06,H2950,3,3.0,2,47.5,44.7,37,No,19.5,33,14.28
2025-05-07,H2951,6,4.7,4,47.5,46.5,25,No,7.8,20,18.4
2025-05-08,H2952,6,1.2,1,47.5,47.2,26,No,7.5,24,13.14
2025-05-09,H2953,2,5.6,1,19.0,17.6,28,No,8.9,31,14.49
2025-05-10,H2954,1,2.5,1,14.2,12.9,30,Yes,8.5,21,8.66
2025-05-11,H2955,1,2.9,2,47.5,47.3,25,Yes,26.0,24,11.86
2025-05-12,H2956,1,6.7,2,47.5,46.8,36,No,20.3,30,18.35
2025-05-13,H2957,5,3.7,2,14.2,13.1,29,No,6.9,38,16.48
2025-05-14,H2958,2,2.1,4,19.0,18.9,38,No,17.8,15,10.73
2025-05-15,H2959,4,6.1,2,47.5,45.9,33,No,15.9,17,19.59
2025-05-16,H2960,5,4.8,3,19.0,17.5,30,No,27.7,39,20.07
2025-05-17,H2961,1,1.3,1,47.5,46.6,37,Yes,27.8,19,8.16
2025-05-18,H2962,5,5.1,4,19.0,17.5,36,Yes,8.3,35,16.78
2025-05-19,H2963,7,6.2,1,14.2,12.5,39,No,24.4,31,23.85
2025-05-20,H2964,6,4.7,3,47.5,44.6,32,No,17.3,28,20.07
2025-05-21,H2965,7,5.1,2,47.5,46.5,37,No,9.2,20,18.27
2025-05-22,H2966,6,3.0,1,47.5,46.0,31,No,16.7,22,16.04
2025-05-23,H2967,6,3.1,1,47.5,44.6,27,No,13.1,39,15.16
2025-05-24,H2968,4,4.6,2,47.5,44.8,24,Yes,24.1,18,16.53
2025-05-25,H2969,4,1.6,4,14.2,11.4,27,Yes,27.0,38,13.93
2025-05-26,H2970,7,4.7,3,47.5,44.6,32,No,21.3,15,23.21
2025-05-27,H2971,5,1.0,1,47.5,45.7,37,No,19.3,18,12.29
2025-05-28,H2972,4,6.9,1,19.0,17.8,33,No,15.9,34,20.24
2025-05-29,H2973,4,1.4,2,47.5,46.4,25,No,21.2,36,14.44
2025-05-30,H2974,2,6.0,3,19.0,16.9,34,No,7.0,28,16.16
2025-05-31,H2975,1,5.0,3,14.2,12.3,25,Yes,29.7,18,17.62
2025-06-01,H2976,4,2.8,4,19.0,17.2,29,Yes,12.3,36,14.18
2025-06-02,H2977,1,3.6,2,19.0,17.1,39,No,16.7,17,13.47
2025-06-03,H2978,7,3.9,2,14.2,12.9,35,No,14.6,38,18.02
2025-06-04,H2979,6,3.1,3,14.2,12.8,35,No,11.8,34,15.92
2025-06-05,H2980,4,5.0,2,19.0,17.2,33,No,27.0,28,18.56
2025-06-06,H2981,5,3.8,1,19.0,17.7,36,No,16.5,37,17.68
2025-06-07,H2982,1,6.8,1,14.2,13.8,31,Yes,21.0,22,17.56
2025-06-08,H2983,6,4.5,3,14.2,11.5,28,Yes,6.2,15,19.53
2025-06-09,H2984,2,1.5,1,14.2,13.2,35,No,25.8,38,10.61
2025-06-10,H2985,7,2.2,1,14.2,12.2,28,No,26.1,15,18.37
2025-06-11,H2986,3,1.4,1,14.2,13.7,35,No,5.1,26,6.3
2025-06-12,H2987,7,6.5,3,19.0,18.2,33,No,28.9,34,25.9
2025-06-13,H2988,6,5.6,1,14.2,12.8,33,No,24.4,23,20.29
2025-06-14,H2989,4,1.3,4,47.5,46.0,25,Yes,25.8,23,14.79
2025-06-15,H2990,7,6.0,1,47.5,45.0,26,Yes,14.3,31,19.72
2025-06-16,H2991,1,5.5,2,47.5,44.9,29,No,18.2,30,12.75
2025-06-17,H2992,2,4.4,4,47.5,46.7,25,No,16.4,31,13.54
2025-06-18,H2993,1,3.7,4,14.2,12.2,24,No,22.1,25,12.85
2025-06-19,H2994,2,6.2,3,47.5,46.4,35,No,20.0,31,16.11
2025-06-20,H2995,6,2.4,1,19.0,17.4,30,No,15.3,32,14.82
2025-06-21,H2996,7,1.4,3,47.5,45.8,26,Yes,29.3,19,17.25
2025-06-22,H2997,3,6.3,4,14.2,13.0,35,Yes,8.6,33,15.98
2025-06-23,H2998,2,4.4,1,47.5,45.4,36,No,29.4,27,17.42
2025-06-24,H2999,5,2.6,2,19.0,16.5,28,No,18.9,37,14.35
